Wvl,n,alpha
400.0,1.349779,5.8e-05
401.0,1.349642,5.9e-05
402.0,1.349506,5.9e-05
403.0,1.349373,6e-05
404.0,1.349239,6.1e-05
405.0,1.349106,6.2e-05
406.0,1.348972,6.3e-05
407.0,1.348838,6.4e-05
408.0,1.348705,6.5e-05
409.0,1.348573,6.6e-05
410.0,1.348443,6.7e-05
411.0,1.348314,6.8e-05
412.0,1.348187,6.9e-05
413.0,1.348061,7e-05
414.0,1.347936,7.2e-05
415.0,1.347811,7.3e-05
416.0,1.347687,7.4e-05
417.0,1.347563,7.5e-05
418.0,1.34744,7.6e-05
419.0,1.347317,7.7e-05
420.0,1.347195,7.9e-05
421.0,1.347072,8.1e-05
422.0,1.34695,8.2e-05
423.0,1.346828,8.3e-05
424.0,1.346708,8.4e-05
425.0,1.346589,8.6e-05
426.0,1.346471,8.7e-05
427.0,1.346354,8.8e-05
428.0,1.346238,8.9e-05
429.0,1.346123,9.1e-05
430.0,1.346009,9.2e-05
431.0,1.345896,9.3e-05
432.0,1.345783,9.4e-05
433.0,1.345672,9.5e-05
434.0,1.345561,9.7e-05
435.0,1.34545,9.8e-05
436.0,1.345339,9.9e-05
437.0,1.345228,0.0001
438.0,1.345119,0.000102
439.0,1.34501,0.000103
440.0,1.344902,0.000104
441.0,1.344796,0.000105
442.0,1.34469,0.000106
443.0,1.344585,0.000107
444.0,1.34448,0.000108
445.0,1.344377,0.000109
446.0,1.344274,0.00011
447.0,1.344172,0.000111
448.0,1.344071,0.000112
449.0,1.34397,0.000113
450.0,1.343869,0.000114
451.0,1.343768,0.000115
452.0,1.343667,0.000116
453.0,1.343566,0.000117
454.0,1.343467,0.000118
455.0,1.343368,0.000119
456.0,1.34327,0.00012
457.0,1.343174,0.000121
458.0,1.343078,0.000122
459.0,1.342983,0.000123
460.0,1.342887,0.000124
461.0,1.342791,0.000125
462.0,1.342694,0.000126
463.0,1.342597,0.000127
464.0,1.342502,0.000128
465.0,1.342408,0.000129
466.0,1.342316,0.00013
467.0,1.342224,0.000132
468.0,1.342133,0.000133
469.0,1.342043,0.000134
470.0,1.341952,0.000135
471.0,1.341861,0.000136
472.0,1.341771,0.000138
473.0,1.34168,0.00014
474.0,1.341591,0.000141
475.0,1.341502,0.000142
476.0,1.341413,0.000144
477.0,1.341326,0.000146
478.0,1.341239,0.000148
479.0,1.341153,0.00015
480.0,1.341067,0.000152
481.0,1.340982,0.000154
482.0,1.340897,0.000157
483.0,1.340813,0.00016
484.0,1.340729,0.000162
485.0,1.340645,0.000164
486.0,1.340562,0.000167
487.0,1.340478,0.00017
488.0,1.340396,0.000174
489.0,1.340313,0.000177
490.0,1.340232,0.000181
491.0,1.340151,0.000185
492.0,1.340071,0.000189
493.0,1.339991,0.000193
494.0,1.339911,0.000198
495.0,1.339831,0.000203
496.0,1.339751,0.000209
497.0,1.33967,0.000216
498.0,1.339589,0.000223
499.0,1.339509,0.00023
500.0,1.33943,0.000238
501.0,1.339353,0.000246
502.0,1.339277,0.000255
503.0,1.339201,0.000264
504.0,1.339126,0.000273
505.0,1.33905,0.000282
506.0,1.338974,0.000291
507.0,1.338899,0.0003
508.0,1.338823,0.00031
509.0,1.338748,0.000319
510.0,1.338672,0.000329
511.0,1.338598,0.000339
512.0,1.338523,0.000349
513.0,1.338449,0.000359
514.0,1.338376,0.000368
515.0,1.338303,0.000377
516.0,1.33823,0.000386
517.0,1.338158,0.000396
518.0,1.338086,0.000404
519.0,1.338015,0.000407
520.0,1.337944,0.000409
521.0,1.337873,0.000414
522.0,1.337803,0.000416
523.0,1.337732,0.000411
524.0,1.337663,0.000409
525.0,1.337593,0.000418
526.0,1.337524,0.000427
527.0,1.337456,0.000427
528.0,1.337388,0.000423
529.0,1.33732,0.000424
530.0,1.337253,0.000429
531.0,1.337185,0.000437
532.0,1.337118,0.000445
533.0,1.33705,0.000451
534.0,1.336983,0.000456
535.0,1.336916,0.000463
536.0,1.336849,0.00047
537.0,1.336782,0.000475
538.0,1.336714,0.00048
539.0,1.336648,0.000488
540.0,1.336582,0.000495
541.0,1.336517,0.000498
542.0,1.336453,0.000503
543.0,1.336388,0.000514
544.0,1.336324,0.000527
545.0,1.33626,0.000536
546.0,1.336195,0.000544
547.0,1.336131,0.000553
548.0,1.336067,0.000564
549.0,1.336004,0.000576
550.0,1.335941,0.000588
551.0,1.335878,0.0006
552.0,1.335816,0.000611
553.0,1.335754,0.000622
554.0,1.335693,0.000631
555.0,1.335632,0.000639
556.0,1.335571,0.000646
557.0,1.335512,0.000652
558.0,1.335452,0.000658
559.0,1.335392,0.000665
560.0,1.335332,0.000672
561.0,1.335271,0.000679
562.0,1.33521,0.000686
563.0,1.335149,0.000692
564.0,1.335089,0.000699
565.0,1.335029,0.000708
566.0,1.334971,0.000718
567.0,1.334913,0.000726
568.0,1.334856,0.000734
569.0,1.334798,0.000745
570.0,1.334741,0.000759
571.0,1.334682,0.000773
572.0,1.334624,0.000787
573.0,1.334565,0.000802
574.0,1.334506,0.000819
575.0,1.334448,0.000839
576.0,1.334391,0.000858
577.0,1.334334,0.000875
578.0,1.334278,0.000896
579.0,1.334222,0.000924
580.0,1.334167,0.000952
581.0,1.334111,0.000975
582.0,1.334056,0.001
583.0,1.334001,0.001037
584.0,1.333946,0.001079
585.0,1.333891,0.001119
586.0,1.333836,0.001159
587.0,1.333782,0.001204
588.0,1.333728,0.001253
589.0,1.333674,0.001304
590.0,1.33362,0.001356
591.0,1.333566,0.001408
592.0,1.333513,0.001459
593.0,1.333459,0.00151
594.0,1.333406,0.001567
595.0,1.333353,0.001635
596.0,1.3333,0.0017
597.0,1.333247,0.001758
598.0,1.333195,0.00186
599.0,1.333142,0.002042
600.0,1.33309,0.002224
601.0,1.333037,0.002323
602.0,1.332985,0.002366
603.0,1.332932,0.0024
604.0,1.33288,0.002448
605.0,1.332829,0.002519
606.0,1.332777,0.002587
607.0,1.332725,0.002629
608.0,1.332674,0.002653
609.0,1.332623,0.002673
610.0,1.332573,0.002691
611.0,1.332523,0.002704
612.0,1.332474,0.002715
613.0,1.332425,0.002727
614.0,1.332376,0.00274
615.0,1.332327,0.002752
616.0,1.332277,0.002764
617.0,1.332226,0.002774
618.0,1.332176,0.002785
619.0,1.332126,0.002797
620.0,1.332077,0.00281
621.0,1.332028,0.002824
622.0,1.33198,0.002839
623.0,1.331932,0.002854
624.0,1.331884,0.002868
625.0,1.331836,0.002881
626.0,1.331787,0.002893
627.0,1.331739,0.002907
628.0,1.331691,0.002922
629.0,1.331643,0.002938
630.0,1.331595,0.002955
631.0,1.331548,0.002972
632.0,1.3315,0.002988
633.0,1.331453,0.003
634.0,1.331406,0.003011
635.0,1.331359,0.003023
636.0,1.331313,0.003038
637.0,1.331267,0.003056
638.0,1.331221,0.003076
639.0,1.331176,0.003094
640.0,1.33113,0.003111
641.0,1.331086,0.003127
642.0,1.331041,0.003144
643.0,1.330997,0.003162
644.0,1.330952,0.003181
645.0,1.330908,0.003202
646.0,1.330864,0.003223
647.0,1.330819,0.003242
648.0,1.330775,0.003263
649.0,1.330731,0.003289
650.0,1.330687,0.003315
651.0,1.330644,0.003338
652.0,1.330601,0.003362
653.0,1.330558,0.00339
654.0,1.330515,0.003423
655.0,1.330473,0.003461
656.0,1.330431,0.003508
657.0,1.33039,0.003567
658.0,1.330349,0.003636
659.0,1.330308,0.003712
660.0,1.330267,0.003791
661.0,1.330226,0.003866
662.0,1.330185,0.003931
663.0,1.330145,0.003981
664.0,1.330104,0.004019
665.0,1.330064,0.004049
666.0,1.330024,0.004072
667.0,1.329984,0.004087
668.0,1.329944,0.004098
669.0,1.329905,0.004109
670.0,1.329865,0.004122
671.0,1.329826,0.004137
672.0,1.329787,0.00415
673.0,1.329748,0.00416
674.0,1.329709,0.004173
675.0,1.329671,0.004196
676.0,1.329633,0.004223
677.0,1.329595,0.004248
678.0,1.329557,0.00427
679.0,1.329519,0.004293
680.0,1.329482,0.004318
681.0,1.329445,0.004347
682.0,1.329407,0.004381
683.0,1.32937,0.004418
684.0,1.329333,0.004458
685.0,1.329296,0.0045
686.0,1.32926,0.004545
687.0,1.329223,0.004594
688.0,1.329186,0.004646
689.0,1.329149,0.004701
690.0,1.329113,0.00476
691.0,1.329078,0.004827
692.0,1.329042,0.004903
693.0,1.329008,0.004986
694.0,1.328973,0.005071
695.0,1.328938,0.005154
696.0,1.328903,0.005244
697.0,1.328867,0.005351
698.0,1.328832,0.00547
699.0,1.328797,0.005594
700.0,1.328762,0.005722
701.0,1.328728,0.005855
702.0,1.328694,0.005995
703.0,1.32866,0.006146
704.0,1.328626,0.006303
705.0,1.328593,0.006463
706.0,1.328559,0.006628
707.0,1.328526,0.006804
708.0,1.328493,0.006993
709.0,1.32846,0.007197
710.0,1.328427,0.007415
711.0,1.328394,0.007647
712.0,1.328361,0.007893
713.0,1.328328,0.008157
714.0,1.328295,0.008445
715.0,1.328263,0.008763
716.0,1.32823,0.009109
717.0,1.328197,0.009479
718.0,1.328165,0.009871
719.0,1.328133,0.010285
720.0,1.328101,0.010724
721.0,1.328069,0.011191
722.0,1.328038,0.011679
723.0,1.328006,0.012179
724.0,1.327975,0.012684
725.0,1.327945,0.013193
726.0,1.327914,0.013719
727.0,1.327884,0.014276
728.0,1.327854,0.01487
729.0,1.327823,0.01551
730.0,1.327793,0.016211
731.0,1.327761,0.016993
732.0,1.32773,0.017872
733.0,1.327698,0.018857
734.0,1.327667,0.019917
735.0,1.327637,0.021008
736.0,1.327607,0.022074
737.0,1.327578,0.023063
738.0,1.327549,0.023942
739.0,1.32752,0.024692
740.0,1.32749,0.025319
741.0,1.32746,0.025833
742.0,1.32743,0.026231
743.0,1.3274,0.026516
744.0,1.327371,0.026723
745.0,1.327341,0.026887
746.0,1.327312,0.027021
747.0,1.327284,0.02713
748.0,1.327255,0.027216
749.0,1.327227,0.027282
750.0,1.327198,0.027334
751.0,1.32717,0.027376
752.0,1.327142,0.027413
753.0,1.327114,0.027447
754.0,1.327086,0.027478
755.0,1.327058,0.027508
756.0,1.32703,0.027542
757.0,1.327001,0.027582
758.0,1.326973,0.027628
759.0,1.326945,0.027674
760.0,1.326917,0.02771
761.0,1.32689,0.027726
762.0,1.326862,0.027733
763.0,1.326835,0.02774
764.0,1.326808,0.027742
765.0,1.32678,0.02773
766.0,1.326753,0.027701
767.0,1.326725,0.027657
768.0,1.326697,0.02761
769.0,1.32667,0.027571
770.0,1.326643,0.027542
771.0,1.326616,0.02752
772.0,1.32659,0.027482
773.0,1.326564,0.027406
774.0,1.326537,0.027305
775.0,1.326511,0.027198
776.0,1.326484,0.027097
777.0,1.326457,0.027005
778.0,1.32643,0.026896
779.0,1.326403,0.02675
780.0,1.326377,0.02659
781.0,1.326351,0.026448
782.0,1.326325,0.026332
783.0,1.3263,0.026238
784.0,1.326275,0.026127
785.0,1.326249,0.025933
786.0,1.326224,0.02558
787.0,1.326198,0.025229
788.0,1.326173,0.025129
789.0,1.326147,0.025005
790.0,1.326122,0.024656
791.0,1.326096,0.024465
792.0,1.326071,0.024117
793.0,1.326045,0.023887
794.0,1.32602,0.02374
795.0,1.325994,0.023552
796.0,1.325969,0.023365
797.0,1.325944,0.023178
798.0,1.325919,0.023038
799.0,1.325894,0.022805
800.0,1.325869,0.022462
801.0,1.325845,0.022434
802.0,1.325821,0.022383
803.0,1.325797,0.022222
804.0,1.325773,0.022038
805.0,1.325749,0.022011
806.0,1.325724,0.02204
807.0,1.3257,0.021956
808.0,1.325675,0.021773
809.0,1.32565,0.021902
810.0,1.325626,0.021875
811.0,1.325602,0.021883
812.0,1.325577,0.021976
813.0,1.325553,0.022103
814.0,1.325529,0.02223
815.0,1.325505,0.02233
816.0,1.325481,0.022484
817.0,1.325458,0.022764
818.0,1.325435,0.023043
819.0,1.325412,0.023112
820.0,1.325388,0.023294
821.0,1.325365,0.023878
822.0,1.32534,0.02446
823.0,1.325316,0.024754
824.0,1.325292,0.025163
825.0,1.325269,0.026199
826.0,1.325246,0.027689
827.0,1.325223,0.028304
828.0,1.3252,0.029139
829.0,1.325178,0.031075
830.0,1.325155,0.032135
831.0,1.325132,0.032966
832.0,1.325108,0.034588
833.0,1.325085,0.036055
834.0,1.325062,0.036618
835.0,1.325039,0.037022
836.0,1.325016,0.037879
837.0,1.324993,0.038285
838.0,1.324971,0.038539
839.0,1.324948,0.039092
840.0,1.324926,0.039494
841.0,1.324903,0.039723
842.0,1.32488,0.039997
843.0,1.324857,0.040397
844.0,1.324834,0.040565
845.0,1.324812,0.040748
846.0,1.324789,0.041145
847.0,1.324767,0.041266
848.0,1.324745,0.041493
849.0,1.324722,0.042036
850.0,1.324701,0.041986
851.0,1.324679,0.042232
852.0,1.324657,0.04254
853.0,1.324636,0.042723
854.0,1.324614,0.042798
855.0,1.324592,0.043064
856.0,1.32457,0.043601
857.0,1.324547,0.043694
858.0,1.324524,0.043792
859.0,1.324502,0.044326
860.0,1.32448,0.044535
861.0,1.324459,0.044661
862.0,1.324437,0.045047
863.0,1.324416,0.045273
864.0,1.324394,0.045524
865.0,1.324373,0.046052
866.0,1.324351,0.04658
867.0,1.32433,0.046909
868.0,1.324308,0.047052
869.0,1.324287,0.047128
870.0,1.324265,0.047521
871.0,1.324244,0.048332
872.0,1.324223,0.048673
873.0,1.324201,0.048941
874.0,1.32418,0.049604
875.0,1.324159,0.050055
876.0,1.324138,0.050495
877.0,1.324116,0.051154
878.0,1.324095,0.051531
879.0,1.324074,0.052038
880.0,1.324053,0.052979
881.0,1.324032,0.05346
882.0,1.324011,0.053856
883.0,1.32399,0.054649
884.0,1.323969,0.055279
885.0,1.323948,0.055661
886.0,1.323927,0.055955
887.0,1.323906,0.056527
888.0,1.323884,0.057454
889.0,1.323863,0.057887
890.0,1.323842,0.058314
891.0,1.323822,0.059235
892.0,1.323801,0.059823
893.0,1.323781,0.060088
894.0,1.323761,0.060352
895.0,1.32374,0.060936
896.0,1.32372,0.06185
897.0,1.323699,0.062264
898.0,1.323679,0.062692
899.0,1.323658,0.063601
900.0,1.323638,0.064074
901.0,1.323617,0.064575
902.0,1.323596,0.065618
903.0,1.323576,0.06636
904.0,1.323555,0.066724
905.0,1.323534,0.066991
906.0,1.323514,0.067686
907.0,1.323493,0.068997
908.0,1.323473,0.069885
909.0,1.323452,0.070366
910.0,1.323432,0.070848
911.0,1.323412,0.071867
912.0,1.323392,0.073579
913.0,1.323373,0.074856
914.0,1.323353,0.075618
915.0,1.323333,0.076297
916.0,1.323312,0.077922
917.0,1.323292,0.080852
918.0,1.323271,0.082916
919.0,1.32325,0.084095
920.0,1.32323,0.085277
921.0,1.32321,0.088006
922.0,1.32319,0.09268
923.0,1.323171,0.09584
924.0,1.323152,0.098192
925.0,1.323132,0.101244
926.0,1.323113,0.104222
927.0,1.323093,0.106625
928.0,1.323074,0.11131
929.0,1.323054,0.119441
930.0,1.323034,0.124611
931.0,1.323014,0.128093
932.0,1.322994,0.132722
933.0,1.322974,0.137382
934.0,1.322954,0.140985
935.0,1.322934,0.146496
936.0,1.322914,0.155737
937.0,1.322895,0.163499
938.0,1.322875,0.168802
939.0,1.322856,0.173178
940.0,1.322836,0.181811
941.0,1.322817,0.196308
942.0,1.322798,0.205007
943.0,1.322778,0.21055
944.0,1.322759,0.218675
945.0,1.322739,0.228721
946.0,1.32272,0.238586
947.0,1.3227,0.246816
948.0,1.322681,0.254236
949.0,1.322661,0.270131
950.0,1.322642,0.297625
951.0,1.322622,0.31525
952.0,1.322603,0.327359
953.0,1.322584,0.343792
954.0,1.322565,0.362238
955.0,1.322546,0.378504
956.0,1.322527,0.393028
957.0,1.322508,0.406807
958.0,1.322489,0.418442
959.0,1.32247,0.427338
960.0,1.32245,0.438514
961.0,1.322431,0.453749
962.0,1.322412,0.461079
963.0,1.322393,0.463246
964.0,1.322373,0.466292
965.0,1.322354,0.470099
966.0,1.322335,0.473293
967.0,1.322316,0.475625
968.0,1.322297,0.477214
969.0,1.322277,0.478534
970.0,1.322258,0.479999
971.0,1.32224,0.48143
972.0,1.322221,0.482679
973.0,1.322202,0.484315
974.0,1.322184,0.486399
975.0,1.322165,0.487014
976.0,1.322146,0.486689
977.0,1.322127,0.486389
978.0,1.322108,0.485694
979.0,1.322089,0.484099
980.0,1.32207,0.482138
981.0,1.322051,0.480393
982.0,1.322032,0.478597
983.0,1.322013,0.476378
984.0,1.321994,0.473793
985.0,1.321975,0.470951
986.0,1.321956,0.467734
987.0,1.321937,0.464088
988.0,1.321919,0.460428
989.0,1.3219,0.457033
990.0,1.321881,0.453151
991.0,1.321862,0.448209
992.0,1.321843,0.44337
993.0,1.321825,0.439701
994.0,1.321806,0.436157
995.0,1.321787,0.431577
996.0,1.321769,0.426449
997.0,1.321751,0.421502
998.0,1.321732,0.41678
999.0,1.321714,0.412111
1000.0,1.321695,0.40715
1001.0,1.321676,0.401698
1002.0,1.321657,0.396305
1003.0,1.321637,0.391472
1004.0,1.321618,0.386754
1005.0,1.321598,0.381601
1006.0,1.321579,0.375992
1007.0,1.321559,0.370059
1008.0,1.32154,0.364026
1009.0,1.321521,0.358071
1010.0,1.321502,0.352107
1011.0,1.321484,0.346068
1012.0,1.321466,0.340236
1013.0,1.321448,0.334854
1014.0,1.32143,0.32965
1015.0,1.321412,0.32434
1016.0,1.321394,0.319107
1017.0,1.321376,0.314067
1018.0,1.321358,0.308604
1019.0,1.32134,0.302227
1020.0,1.321322,0.295679
1021.0,1.321303,0.289731
1022.0,1.321284,0.284034
1023.0,1.321265,0.278154
1024.0,1.321245,0.272435
1025.0,1.321225,0.267223
1026.0,1.321205,0.262106
1027.0,1.321185,0.256586
1028.0,1.321166,0.250594
1029.0,1.321147,0.244389
1030.0,1.321128,0.239127
1031.0,1.32111,0.235711
1032.0,1.321092,0.233135
1033.0,1.321074,0.229917
1034.0,1.321056,0.225092
1035.0,1.321039,0.21976
1036.0,1.321022,0.215139
1037.0,1.321004,0.210853
1038.0,1.320987,0.206353
1039.0,1.32097,0.201981
1040.0,1.320952,0.19811
1041.0,1.320934,0.19435
1042.0,1.320917,0.19036
1043.0,1.3209,0.186749
1044.0,1.320882,0.184083
1045.0,1.320865,0.181787
1046.0,1.320847,0.179005
1047.0,1.32083,0.175244
1048.0,1.320812,0.171469
1049.0,1.320794,0.168656
1050.0,1.320775,0.166355
1051.0,1.320756,0.163909
1052.0,1.320736,0.16126
1053.0,1.320716,0.158558
1054.0,1.320696,0.156185
1055.0,1.320675,0.154461
1056.0,1.320655,0.15322
1057.0,1.320635,0.152176
1058.0,1.320615,0.151039
1059.0,1.320596,0.149515
1060.0,1.320577,0.147501
1061.0,1.320559,0.14568
1062.0,1.320541,0.144692
1063.0,1.320523,0.144224
1064.0,1.320505,0.143808
1065.0,1.320487,0.143301
1066.0,1.32047,0.142639
1067.0,1.320452,0.141835
1068.0,1.320434,0.141195
1069.0,1.320416,0.140976
1070.0,1.320398,0.140931
1071.0,1.32038,0.140779
1072.0,1.320361,0.140593
1073.0,1.320343,0.140537
1074.0,1.320325,0.140772
1075.0,1.320306,0.141445
1076.0,1.320288,0.142556
1077.0,1.32027,0.143516
1078.0,1.320251,0.143816
1079.0,1.320233,0.143861
1080.0,1.320215,0.144281
1081.0,1.320197,0.145549
1082.0,1.320178,0.147498
1083.0,1.32016,0.149769
1084.0,1.320142,0.151863
1085.0,1.320124,0.153408
1086.0,1.320106,0.154668
1087.0,1.320088,0.156068
1088.0,1.320069,0.157959
1089.0,1.320051,0.160397
1090.0,1.320033,0.163242
1091.0,1.320014,0.165862
1092.0,1.319996,0.167737
1093.0,1.319977,0.169283
1094.0,1.319958,0.171151
1095.0,1.31994,0.1739
1096.0,1.319921,0.177718
1097.0,1.319902,0.182401
1098.0,1.319884,0.18655
1099.0,1.319865,0.188989
1100.0,1.319846,0.190625
1101.0,1.319828,0.19289
1102.0,1.319809,0.196649
1103.0,1.31979,0.200515
1104.0,1.319772,0.203082
1105.0,1.319753,0.205116
1106.0,1.319734,0.207925
1107.0,1.319716,0.212258
1108.0,1.319697,0.216622
1109.0,1.319678,0.219545
1110.0,1.319659,0.221887
1111.0,1.31964,0.225086
1112.0,1.319621,0.229821
1113.0,1.319601,0.233714
1114.0,1.319582,0.234603
1115.0,1.319563,0.234236
1116.0,1.319544,0.235338
1117.0,1.319525,0.239658
1118.0,1.319506,0.245033
1119.0,1.319488,0.24913
1120.0,1.31947,0.252833
1121.0,1.319452,0.257829
1122.0,1.319435,0.26499
1123.0,1.319418,0.271917
1124.0,1.319401,0.276501
1125.0,1.319384,0.281067
1126.0,1.319367,0.289049
1127.0,1.319349,0.302304
1128.0,1.319332,0.316387
1129.0,1.319314,0.327125
1130.0,1.319296,0.337746
1131.0,1.319277,0.353325
1132.0,1.319258,0.376946
1133.0,1.319239,0.403721
1134.0,1.319219,0.428144
1135.0,1.3192,0.450198
1136.0,1.31918,0.471239
1137.0,1.31916,0.493191
1138.0,1.319141,0.520245
1139.0,1.319122,0.557157
1140.0,1.319103,0.605237
1141.0,1.319085,0.651997
1142.0,1.319067,0.686262
1143.0,1.319049,0.7159
1144.0,1.319031,0.753543
1145.0,1.319014,0.806361
1146.0,1.318997,0.859689
1147.0,1.318979,0.898138
1148.0,1.318962,0.925253
1149.0,1.318944,0.949313
1150.0,1.318927,0.976919
1151.0,1.318909,1.007962
1152.0,1.318891,1.040653
1153.0,1.318873,1.072706
1154.0,1.318855,1.09983
1155.0,1.318837,1.118595
1156.0,1.318819,1.131005
1157.0,1.3188,1.140423
1158.0,1.318782,1.149678
1159.0,1.318763,1.159472
1160.0,1.318744,1.169972
1161.0,1.318724,1.180825
1162.0,1.318705,1.189588
1163.0,1.318685,1.194173
1164.0,1.318664,1.195987
1165.0,1.318644,1.197311
1166.0,1.318624,1.199828
1167.0,1.318605,1.202826
1168.0,1.318585,1.204994
1169.0,1.318566,1.205734
1170.0,1.318547,1.207295
1171.0,1.318529,1.212639
1172.0,1.31851,1.222912
1173.0,1.318492,1.231997
1174.0,1.318474,1.234037
1175.0,1.318456,1.231481
1176.0,1.318438,1.228854
1177.0,1.31842,1.229592
1178.0,1.318402,1.232774
1179.0,1.318384,1.236386
1180.0,1.318366,1.238943
1181.0,1.318348,1.24106
1182.0,1.318329,1.243879
1183.0,1.318311,1.248066
1184.0,1.318292,1.252392
1185.0,1.318274,1.255546
1186.0,1.318255,1.257799
1187.0,1.318237,1.259813
1188.0,1.318218,1.26211
1189.0,1.3182,1.264637
1190.0,1.318181,1.267197
1191.0,1.318162,1.269647
1192.0,1.318143,1.272056
1193.0,1.318124,1.274544
1194.0,1.318104,1.277164
1195.0,1.318084,1.279696
1196.0,1.318065,1.281854
1197.0,1.318046,1.28318
1198.0,1.318027,1.282544
1199.0,1.318008,1.278646
1200.0,1.31799,1.271459
1201.0,1.317972,1.266054
1202.0,1.317955,1.266899
1203.0,1.317938,1.270962
1204.0,1.317921,1.273336
1205.0,1.317904,1.270539
1206.0,1.317887,1.264797
1207.0,1.31787,1.25976
1208.0,1.317853,1.258015
1209.0,1.317835,1.257887
1210.0,1.317817,1.256637
1211.0,1.317799,1.25243
1212.0,1.31778,1.247046
1213.0,1.317761,1.243169
1214.0,1.317741,1.242471
1215.0,1.317721,1.242578
1216.0,1.317701,1.240102
1217.0,1.317681,1.232883
1218.0,1.317661,1.223669
1219.0,1.317641,1.216433
1220.0,1.317621,1.213932
1221.0,1.317602,1.214048
1222.0,1.317582,1.213447
1223.0,1.317562,1.209766
1224.0,1.317543,1.204525
1225.0,1.317523,1.200217
1226.0,1.317504,1.198574
1227.0,1.317484,1.198287
1228.0,1.317465,1.197284
1229.0,1.317446,1.194047
1230.0,1.317427,1.18926
1231.0,1.317408,1.184158
1232.0,1.31739,1.179671
1233.0,1.317372,1.175513
1234.0,1.317354,1.171096
1235.0,1.317336,1.166115
1236.0,1.317318,1.161407
1237.0,1.3173,1.158097
1238.0,1.317282,1.156845
1239.0,1.317263,1.156461
1240.0,1.317244,1.155295
1241.0,1.317224,1.152131
1242.0,1.317204,1.147507
1243.0,1.317184,1.142397
1244.0,1.317163,1.137615
1245.0,1.317143,1.133332
1246.0,1.317122,1.129561
1247.0,1.317102,1.126251
1248.0,1.317082,1.123107
1249.0,1.317062,1.119773
1250.0,1.317042,1.115894
1251.0,1.317023,1.111327
1252.0,1.317004,1.106785
1253.0,1.316985,1.103193
1254.0,1.316966,1.101225
1255.0,1.316948,1.100543
1256.0,1.316929,1.100558
1257.0,1.31691,1.100646
1258.0,1.316892,1.100039
1259.0,1.316873,1.097935
1260.0,1.316854,1.09393
1261.0,1.316836,1.089212
1262.0,1.316817,1.085368
1263.0,1.316798,1.083534
1264.0,1.31678,1.083047
1265.0,1.316761,1.082794
1266.0,1.316742,1.081936
1267.0,1.316723,1.080729
1268.0,1.316704,1.079701
1269.0,1.316685,1.079381
1270.0,1.316665,1.080252
1271.0,1.316645,1.082613
1272.0,1.316624,1.086714
1273.0,1.316603,1.092508
1274.0,1.31658,1.098744
1275.0,1.316558,1.103869
1276.0,1.316535,1.106853
1277.0,1.316513,1.108744
1278.0,1.316491,1.111111
1279.0,1.31647,1.115216
1280.0,1.316449,1.12109
1281.0,1.316429,1.12846
1282.0,1.316409,1.137051
1283.0,1.316389,1.146452
1284.0,1.31637,1.155709
1285.0,1.31635,1.163734
1286.0,1.316331,1.169846
1287.0,1.316311,1.174994
1288.0,1.316292,1.180536
1289.0,1.316272,1.187549
1290.0,1.316253,1.195982
1291.0,1.316233,1.205505
1292.0,1.316213,1.215787
1293.0,1.316193,1.226642
1294.0,1.316173,1.238462
1295.0,1.316153,1.251785
1296.0,1.316133,1.266821
1297.0,1.316113,1.282468
1298.0,1.316092,1.297299
1299.0,1.316072,1.310374
1300.0,1.316052,1.322713
1301.0,1.316032,1.335826
1302.0,1.316011,1.351223
1303.0,1.315991,1.370018
1304.0,1.315971,1.39174
1305.0,1.31595,1.415522
1306.0,1.31593,1.440444
1307.0,1.315909,1.465376
1308.0,1.315889,1.489134
1309.0,1.315868,1.511028
1310.0,1.315847,1.532345
1311.0,1.315827,1.554867
1312.0,1.315806,1.580374
1313.0,1.315785,1.609896
1314.0,1.315765,1.641458
1315.0,1.315744,1.672331
1316.0,1.315723,1.700675
1317.0,1.315702,1.728193
1318.0,1.315681,1.757476
1319.0,1.31566,1.791113
1320.0,1.315639,1.830456
1321.0,1.315618,1.871905
1322.0,1.315597,1.910621
1323.0,1.315575,1.943417
1324.0,1.315554,1.973706
1325.0,1.315532,2.006549
1326.0,1.31551,2.04701
1327.0,1.315488,2.09787
1328.0,1.315467,2.152786
1329.0,1.315446,2.203133
1330.0,1.315425,2.24295
1331.0,1.315405,2.276928
1332.0,1.315385,2.312421
1333.0,1.315365,2.356784
1334.0,1.315346,2.414518
1335.0,1.315327,2.478714
1336.0,1.315308,2.539611
1337.0,1.315288,2.589728
1338.0,1.315268,2.630696
1339.0,1.315248,2.666427
1340.0,1.315228,2.700832
1341.0,1.315207,2.737599
1342.0,1.315186,2.779524
1343.0,1.315164,2.829181
1344.0,1.315142,2.889143
1345.0,1.31512,2.959786
1346.0,1.315098,3.032701
1347.0,1.315076,3.097279
1348.0,1.315053,3.145677
1349.0,1.315031,3.181105
1350.0,1.315009,3.225513
1351.0,1.314986,3.2667
1352.0,1.314963,3.318738
1353.0,1.314941,3.3631
1354.0,1.314918,3.412252
1355.0,1.314895,3.449
1356.0,1.314872,3.504268
1357.0,1.31485,3.5439
1358.0,1.314827,3.5998
1359.0,1.314804,3.648355
1360.0,1.314782,3.7006
1361.0,1.31476,3.751827
1362.0,1.314738,3.8021
1363.0,1.314717,3.8705
1364.0,1.314696,3.926738
1365.0,1.314675,3.9853
1366.0,1.314654,4.063982
1367.0,1.314634,4.125397
1368.0,1.314612,4.2164
1369.0,1.314591,4.301516
1370.0,1.314569,4.388952
1371.0,1.314547,4.5041
1372.0,1.314524,4.630224
1373.0,1.3145,4.736629
1374.0,1.314476,4.904
1375.0,1.314451,5.091507
1376.0,1.314426,5.259921
1377.0,1.314401,5.4791
1378.0,1.314377,5.7197
1379.0,1.314353,6.006339
1380.0,1.314329,6.241762
1381.0,1.314306,6.5797
1382.0,1.314283,6.9271
1383.0,1.314261,7.312753
1384.0,1.314238,7.632697
1385.0,1.314216,8.0894
1386.0,1.314194,8.5453
1387.0,1.314172,9.0304
1388.0,1.314149,9.591056
1389.0,1.314127,10.01789
1390.0,1.314104,10.631
1391.0,1.314081,11.22
1392.0,1.314058,11.835
1393.0,1.314034,12.45
1394.0,1.314011,13.161723
1395.0,1.313987,13.691005
1396.0,1.313964,14.337092
1397.0,1.31394,15.094
1398.0,1.313917,15.784
1399.0,1.313894,16.456
1400.0,1.313871,17.144
1401.0,1.313848,17.805
1402.0,1.313824,18.543946
1403.0,1.313801,19.188174
1404.0,1.313777,19.80002
1405.0,1.313754,20.292651
1406.0,1.313732,20.888231
1407.0,1.31371,21.459762
1408.0,1.31369,22.022355
1409.0,1.313671,22.599
1410.0,1.313653,23.127
1411.0,1.313637,23.6
1412.0,1.313621,24.073
1413.0,1.313605,24.501
1414.0,1.31359,24.928
1415.0,1.313576,25.328
1416.0,1.313561,25.709
1417.0,1.313547,26.063
1418.0,1.313533,26.408
1419.0,1.313518,26.726
1420.0,1.313503,27.006304
1421.0,1.313489,27.287937
1422.0,1.313474,27.561461
1423.0,1.31346,27.817888
1424.0,1.313446,28.060008
1425.0,1.313431,28.344665
1426.0,1.313417,28.564249
1427.0,1.313402,28.744728
1428.0,1.313388,28.918
1429.0,1.313373,29.082
1430.0,1.313358,29.263
1431.0,1.313343,29.4
1432.0,1.313328,29.555
1433.0,1.313313,29.660565
1434.0,1.313298,29.820309
1435.0,1.313282,29.926013
1436.0,1.313267,30.034
1437.0,1.313251,30.135
1438.0,1.313236,30.227
1439.0,1.31322,30.286805
1440.0,1.313204,30.359419
1441.0,1.313188,30.423913
1442.0,1.313171,30.458
1443.0,1.313155,30.488
1444.0,1.313138,30.519
1445.0,1.313122,30.529643
1446.0,1.313105,30.550063
1447.0,1.313088,30.561
1448.0,1.313072,30.556
1449.0,1.313055,30.552438
1450.0,1.313038,30.540719
1451.0,1.313022,30.512
1452.0,1.313005,30.49
1453.0,1.312989,30.445939
1454.0,1.312972,30.410464
1455.0,1.312955,30.35
1456.0,1.312939,30.293
1457.0,1.312922,30.227814
1458.0,1.312905,30.140965
1459.0,1.312888,30.059
1460.0,1.312871,29.980949
1461.0,1.312854,29.833805
1462.0,1.312837,29.714
1463.0,1.31282,29.565428
1464.0,1.312803,29.362338
1465.0,1.312786,29.173
1466.0,1.312768,28.98718
1467.0,1.312751,28.715926
1468.0,1.312733,28.514
1469.0,1.312715,28.289687
1470.0,1.312697,27.995764
1471.0,1.312678,27.772
1472.0,1.31266,27.542415
1473.0,1.312641,27.223
1474.0,1.312622,26.985457
1475.0,1.312603,26.634943
1476.0,1.312584,26.375
1477.0,1.312564,26.113421
1478.0,1.312545,25.813
1479.0,1.312525,25.552402
1480.0,1.312505,25.222233
1481.0,1.312485,24.971
1482.0,1.312464,24.682898
1483.0,1.312443,24.429
1484.0,1.312422,24.132282
1485.0,1.312401,23.88
1486.0,1.31238,23.638598
1487.0,1.31236,23.316
1488.0,1.312339,23.066133
1489.0,1.312318,22.736
1490.0,1.312298,22.501889
1491.0,1.312277,22.183
1492.0,1.312257,21.933012
1493.0,1.312237,21.632
1494.0,1.312218,21.390778
1495.0,1.312198,21.073
1496.0,1.312177,20.823237
1497.0,1.312157,20.524
1498.0,1.312136,20.25294
1499.0,1.312115,20.01
1500.0,1.312093,19.721739
1501.0,1.31207,19.504916
1502.0,1.312047,19.235
1503.0,1.312023,19.001459
1504.0,1.311999,18.741
1505.0,1.311974,18.473819
1506.0,1.311949,18.273
1507.0,1.311924,18.015035
1508.0,1.3119,17.835821
1509.0,1.311876,17.58
1510.0,1.311852,17.33939
1511.0,1.311829,17.124
1512.0,1.311806,16.884215
1513.0,1.311784,16.704918
1514.0,1.311762,16.467
1515.0,1.31174,16.230401
1516.0,1.311718,16.058507
1517.0,1.311696,15.83
1518.0,1.311673,15.619436
1519.0,1.311651,15.446097
1520.0,1.311628,15.245
1521.0,1.311604,15.036564
1522.0,1.31158,14.886062
1523.0,1.311555,14.679
1524.0,1.31153,14.470595
1525.0,1.311504,14.32032
1526.0,1.311478,14.131
1527.0,1.311453,13.949
1528.0,1.311427,13.813919
1529.0,1.311401,13.643062
1530.0,1.311376,13.478
1531.0,1.311352,13.290615
1532.0,1.311328,13.163548
1533.0,1.311305,12.976
1534.0,1.311281,12.82
1535.0,1.311258,12.651069
1536.0,1.311236,12.53826
1537.0,1.311213,12.378
1538.0,1.31119,12.231
1539.0,1.311167,12.060925
1540.0,1.311144,11.927479
1541.0,1.311121,11.812343
1542.0,1.311097,11.662
1543.0,1.311073,11.516
1544.0,1.311048,11.374018
1545.0,1.311023,11.259006
1546.0,1.310998,11.140545
1547.0,1.310973,10.998
1548.0,1.310948,10.878
1549.0,1.310923,10.753321
1550.0,1.310899,10.635452
1551.0,1.310875,10.541211
1552.0,1.310851,10.439821
1553.0,1.310828,10.317
1554.0,1.310804,10.221
1555.0,1.310781,10.11
1556.0,1.310757,10.004813
1557.0,1.310733,9.911589
1558.0,1.310709,9.83889
1559.0,1.310684,9.753812
1560.0,1.310659,9.659635
1561.0,1.310633,9.5634
1562.0,1.310606,9.477
1563.0,1.310579,9.3826
1564.0,1.310551,9.3045
1565.0,1.310524,9.201738
1566.0,1.310496,9.132595
1567.0,1.310468,9.046567
1568.0,1.31044,8.977385
1569.0,1.310413,8.897591
1570.0,1.310387,8.819569
1571.0,1.310361,8.742095
1572.0,1.310336,8.664555
1573.0,1.31031,8.587599
1574.0,1.310285,8.509031
1575.0,1.31026,8.448195
1576.0,1.310236,8.364
1577.0,1.310211,8.295
1578.0,1.310187,8.2341
1579.0,1.310162,8.1572
1580.0,1.310138,8.1044
1581.0,1.310114,8.0357
1582.0,1.31009,7.9591
1583.0,1.310067,7.8897
1584.0,1.310044,7.834
1585.0,1.310022,7.7727
1586.0,1.309999,7.7115
1587.0,1.309976,7.6544
1588.0,1.309952,7.608893
1589.0,1.309928,7.547839
1590.0,1.309903,7.494498
1591.0,1.309878,7.431943
1592.0,1.309852,7.374432
1593.0,1.309826,7.314503
1594.0,1.3098,7.25149
1595.0,1.309774,7.202792
1596.0,1.309748,7.163914
1597.0,1.309721,7.123767
1598.0,1.309695,7.0839
1599.0,1.309668,7.0409
1600.0,1.309642,6.9869
1601.0,1.309616,6.9432
1602.0,1.30959,6.909764
1603.0,1.309563,6.864731
1604.0,1.309537,6.82778
1605.0,1.309511,6.776302
1606.0,1.309484,6.742008
1607.0,1.309458,6.713963
1608.0,1.309432,6.6951
1609.0,1.309405,6.6541
1610.0,1.309379,6.6295
1611.0,1.309352,6.598744
1612.0,1.309325,6.567182
1613.0,1.309299,6.525517
1614.0,1.309272,6.50058
1615.0,1.309245,6.4739
1616.0,1.309218,6.4487
1617.0,1.309191,6.419481
1618.0,1.309164,6.400643
1619.0,1.309137,6.362948
1620.0,1.30911,6.3454
1621.0,1.309083,6.3087
1622.0,1.309055,6.281746
1623.0,1.309027,6.24999
1624.0,1.308998,6.214406
1625.0,1.308969,6.1859
1626.0,1.30894,6.1633
1627.0,1.308911,6.12953
1628.0,1.308883,6.120469
1629.0,1.308855,6.090539
1630.0,1.308828,6.0758
1631.0,1.308802,6.053036
1632.0,1.308777,6.047482
1633.0,1.308752,6.016346
1634.0,1.308727,6.0048
1635.0,1.308702,5.981808
1636.0,1.308677,5.972691
1637.0,1.308652,5.946895
1638.0,1.308627,5.9395
1639.0,1.308601,5.918527
1640.0,1.308575,5.911183
1641.0,1.308548,5.8867
1642.0,1.30852,5.8751
1643.0,1.30849,5.846219
1644.0,1.30846,5.826078
1645.0,1.30843,5.7981
1646.0,1.308399,5.78702
1647.0,1.30837,5.751017
1648.0,1.308341,5.7464
1649.0,1.308313,5.718206
1650.0,1.308286,5.704628
1651.0,1.30826,5.685
1652.0,1.308234,5.683651
1653.0,1.308208,5.657169
1654.0,1.308182,5.6579
1655.0,1.308157,5.643936
1656.0,1.308131,5.647635
1657.0,1.308104,5.6264
1658.0,1.308077,5.625883
1659.0,1.30805,5.618776
1660.0,1.308021,5.6177
1661.0,1.307991,5.602508
1662.0,1.307961,5.6142
1663.0,1.307929,5.596609
1664.0,1.307897,5.60335
1665.0,1.307865,5.582
1666.0,1.307832,5.584429
1667.0,1.3078,5.56433
1668.0,1.307767,5.562839
1669.0,1.307735,5.546825
1670.0,1.307703,5.545
1671.0,1.307672,5.535977
1672.0,1.307642,5.5423
1673.0,1.307612,5.528609
1674.0,1.307583,5.531929
1675.0,1.307554,5.5253
1676.0,1.307525,5.533203
1677.0,1.307496,5.5278
1678.0,1.307466,5.529359
1679.0,1.307435,5.5161
1680.0,1.307403,5.523541
1681.0,1.307371,5.5156
1682.0,1.307338,5.526408
1683.0,1.307305,5.519704
1684.0,1.307271,5.519905
1685.0,1.307238,5.515607
1686.0,1.307204,5.522015
1687.0,1.307171,5.510729
1688.0,1.307138,5.5267
1689.0,1.307105,5.511326
1690.0,1.307073,5.5186
1691.0,1.307042,5.514514
1692.0,1.307011,5.5195
1693.0,1.30698,5.50986
1694.0,1.30695,5.518178
1695.0,1.30692,5.523156
1696.0,1.30689,5.537737
1697.0,1.30686,5.535423
1698.0,1.306829,5.543829
1699.0,1.306798,5.557063
1700.0,1.306767,5.571411
1701.0,1.306736,5.5829
1702.0,1.306705,5.605488
1703.0,1.306673,5.6073
1704.0,1.306642,5.62937
1705.0,1.306611,5.636
1706.0,1.306579,5.663565
1707.0,1.306548,5.669715
1708.0,1.306516,5.692766
1709.0,1.306485,5.701456
1710.0,1.306453,5.7328
1711.0,1.306421,5.751911
1712.0,1.30639,5.7656
1713.0,1.306358,5.77599
1714.0,1.306326,5.796562
1715.0,1.306294,5.8107
1716.0,1.306262,5.829376
1717.0,1.306231,5.8417
1718.0,1.306199,5.877042
1719.0,1.306167,5.891213
1720.0,1.306134,5.9296
1721.0,1.306102,5.945078
1722.0,1.30607,5.972031
1723.0,1.306038,5.999319
1724.0,1.306005,6.024593
1725.0,1.305973,6.0507
1726.0,1.30594,6.086707
1727.0,1.305907,6.095642
1728.0,1.305875,6.1362
1729.0,1.305842,6.165866
1730.0,1.305809,6.197499
1731.0,1.305776,6.2193
1732.0,1.305743,6.255451
1733.0,1.305711,6.283889
1734.0,1.305678,6.3346
1735.0,1.305645,6.369043
1736.0,1.305612,6.391966
1737.0,1.305579,6.4445
1738.0,1.305546,6.492604
1739.0,1.305513,6.516576
1740.0,1.30548,6.5705
1741.0,1.305446,6.617025
1742.0,1.305413,6.658363
1743.0,1.30538,6.688518
1744.0,1.305346,6.748
1745.0,1.305312,6.795648
1746.0,1.305278,6.841949
1747.0,1.305244,6.8966
1748.0,1.30521,6.95446
1749.0,1.305176,7.00342
1750.0,1.305142,7.053828
1751.0,1.305108,7.1106
1752.0,1.305073,7.179039
1753.0,1.305039,7.235201
1754.0,1.305005,7.273692
1755.0,1.30497,7.3393
1756.0,1.304936,7.414269
1757.0,1.304901,7.480606
1758.0,1.304867,7.53555
1759.0,1.304832,7.594
1760.0,1.304797,7.669034
1761.0,1.304762,7.733841
1762.0,1.304727,7.775659
1763.0,1.304692,7.8333
1764.0,1.304656,7.8932
1765.0,1.304621,7.951531
1766.0,1.304585,8.000394
1767.0,1.304549,8.044804
1768.0,1.304514,8.1026
1769.0,1.304478,8.1551
1770.0,1.304442,8.205219
1771.0,1.304406,8.240978
1772.0,1.30437,8.263979
1773.0,1.304334,8.3206
1774.0,1.304298,8.3516
1775.0,1.304261,8.394235
1776.0,1.304226,8.430177
1777.0,1.30419,8.447908
1778.0,1.304155,8.477215
1779.0,1.304121,8.5116
1780.0,1.304087,8.5353
1781.0,1.304053,8.561878
1782.0,1.30402,8.592536
1783.0,1.303987,8.617477
1784.0,1.303954,8.639479
1785.0,1.303921,8.670443
1786.0,1.303888,8.6893
1787.0,1.303855,8.7198
1788.0,1.303822,8.737651
1789.0,1.303788,8.754966
1790.0,1.303753,8.777281
1791.0,1.303718,8.777635
1792.0,1.303682,8.778132
1793.0,1.303646,8.793771
1794.0,1.303608,8.8046
1795.0,1.303571,8.8069
1796.0,1.303533,8.8092
1797.0,1.303495,8.810749
1798.0,1.303456,8.798747
1799.0,1.303418,8.794614
1800.0,1.303379,8.789446
1801.0,1.30334,8.779308
1802.0,1.303301,8.766579
1803.0,1.303261,8.75413
1804.0,1.303222,8.749558
1805.0,1.303182,8.737563
1806.0,1.303142,8.7392
1807.0,1.303103,8.7345
1808.0,1.303063,8.7437
1809.0,1.303024,8.7528
1810.0,1.302985,8.755
1811.0,1.302947,8.780058
1812.0,1.30291,8.787154
1813.0,1.302873,8.790225
1814.0,1.302837,8.798223
1815.0,1.302801,8.79429
1816.0,1.302766,8.810841
1817.0,1.30273,8.819854
1818.0,1.302693,8.835833
1819.0,1.302655,8.845373
1820.0,1.302616,8.853675
1821.0,1.302575,8.85828
1822.0,1.302533,8.867692
1823.0,1.30249,8.8694
1824.0,1.302446,8.88417
1825.0,1.302401,8.888035
1826.0,1.302357,8.900445
1827.0,1.302313,8.921816
1828.0,1.302269,8.951358
1829.0,1.302226,8.973424
1830.0,1.302184,9.009555
1831.0,1.302142,9.033773
1832.0,1.3021,9.109647
1833.0,1.302058,9.146176
1834.0,1.302016,9.195063
1835.0,1.301974,9.258537
1836.0,1.301932,9.314798
1837.0,1.301889,9.379617
1838.0,1.301845,9.45666
1839.0,1.301801,9.534971
1840.0,1.301756,9.632641
1841.0,1.301709,9.722824
1842.0,1.301661,9.8241
1843.0,1.30161,9.9346
1844.0,1.301558,10.052
1845.0,1.301504,10.176
1846.0,1.30145,10.306
1847.0,1.301396,10.421731
1848.0,1.301343,10.59018
1849.0,1.301291,10.747525
1850.0,1.30124,10.938962
1851.0,1.301188,11.099355
1852.0,1.301137,11.386157
1853.0,1.301085,11.598404
1854.0,1.301034,11.839612
1855.0,1.300983,12.083941
1856.0,1.300932,12.35
1857.0,1.300881,12.661
1858.0,1.300831,13.012
1859.0,1.300781,13.339298
1860.0,1.300731,13.750688
1861.0,1.300682,14.117256
1862.0,1.300633,14.783328
1863.0,1.300585,15.290013
1864.0,1.300537,15.857862
1865.0,1.30049,16.407
1866.0,1.300443,17.085
1867.0,1.300397,17.73573
1868.0,1.300351,18.527332
1869.0,1.300305,19.248169
1870.0,1.300259,20.51246
1871.0,1.300214,21.477095
1872.0,1.300168,22.495
1873.0,1.300122,23.67
1874.0,1.300076,24.833642
1875.0,1.300031,26.222727
1876.0,1.299986,27.510653
1877.0,1.299943,29.720713
1878.0,1.2999,31.439328
1879.0,1.29986,33.172
1880.0,1.299822,35.041339
1881.0,1.299786,37.248128
1882.0,1.299751,39.269008
1883.0,1.299718,42.690706
1884.0,1.299684,45.301545
1885.0,1.299651,47.892
1886.0,1.299617,50.601722
1887.0,1.299582,53.603655
1888.0,1.299545,57.612512
1889.0,1.299506,60.874591
1890.0,1.299464,64.009
1891.0,1.299421,67.196813
1892.0,1.299376,70.590473
1893.0,1.299331,74.965426
1894.0,1.299285,78.410275
1895.0,1.299239,81.565
1896.0,1.299195,84.686019
1897.0,1.299151,87.524244
1898.0,1.299109,91.893714
1899.0,1.299069,94.563
1900.0,1.299032,97.21767
1901.0,1.298998,99.951994
1902.0,1.298966,103.309303
1903.0,1.298934,105.681475
1904.0,1.298904,107.84
1905.0,1.298876,109.731064
1906.0,1.29885,112.248032
1907.0,1.298828,114.034698
1908.0,1.298811,115.65
1909.0,1.298798,117.125733
1910.0,1.298791,118.998841
1911.0,1.298789,120.333063
1912.0,1.298789,121.52
1913.0,1.29879,122.571782
1914.0,1.298793,123.947593
1915.0,1.298796,124.81
1916.0,1.298798,125.709798
1917.0,1.298799,126.449055
1918.0,1.298797,127.533009
1919.0,1.298793,128.09
1920.0,1.298787,128.611044
1921.0,1.29878,129.192591
1922.0,1.298772,129.59
1923.0,1.298764,129.868376
1924.0,1.298756,130.315286
1925.0,1.298747,130.439061
1926.0,1.298738,130.55
1927.0,1.298729,130.602571
1928.0,1.298719,130.61399
1929.0,1.29871,130.48
1930.0,1.2987,130.356556
1931.0,1.298691,130.134827
1932.0,1.298681,129.89
1933.0,1.298672,129.604199
1934.0,1.298662,129.068316
1935.0,1.298652,128.65
1936.0,1.298643,128.182842
1937.0,1.298633,127.485606
1938.0,1.298622,126.96
1939.0,1.298612,126.371476
1940.0,1.298601,125.592201
1941.0,1.29859,124.89
1942.0,1.298579,124.190107
1943.0,1.298567,123.187076
1944.0,1.298554,122.43
1945.0,1.298542,121.614809
1946.0,1.298529,120.597659
1947.0,1.298515,119.72
1948.0,1.298501,119.026766
1949.0,1.298487,117.765796
1950.0,1.298472,117.001564
1951.0,1.298457,115.646597
1952.0,1.298441,114.91
1953.0,1.298425,113.991318
1954.0,1.298407,112.825066
1955.0,1.29839,111.84
1956.0,1.298371,111.042753
1957.0,1.298351,109.690428
1958.0,1.29833,108.810273
1959.0,1.298308,107.588528
1960.0,1.298284,106.62
1961.0,1.298259,105.77201
1962.0,1.298231,104.412649
1963.0,1.298203,103.550546
1964.0,1.298173,102.319099
1965.0,1.298143,101.36
1966.0,1.298112,100.49927
1967.0,1.298081,99.281
1968.0,1.298051,98.313523
1969.0,1.298021,97.108839
1970.0,1.29799,96.309946
1971.0,1.297959,94.878573
1972.0,1.297928,94.12
1973.0,1.297897,93.406182
1974.0,1.297866,92.063494
1975.0,1.297834,91.207094
1976.0,1.297802,90.086628
1977.0,1.29777,89.285652
1978.0,1.297738,88.04108
1979.0,1.297706,87.246
1980.0,1.297673,86.110251
1981.0,1.29764,85.32
1982.0,1.297607,84.602022
1983.0,1.297574,83.356211
1984.0,1.29754,82.616604
1985.0,1.297507,81.509079
1986.0,1.297472,80.761072
1987.0,1.297438,79.728937
1988.0,1.297403,79.035126
1989.0,1.297367,78.002115
1990.0,1.29733,77.228
1991.0,1.297292,76.277843
1992.0,1.297253,75.574
1993.0,1.297213,74.626018
1994.0,1.297172,73.923
1995.0,1.29713,72.984477
1996.0,1.297088,72.338
1997.0,1.297045,71.406556
1998.0,1.297001,70.819
1999.0,1.296957,69.863605
2000.0,1.296913,69.241
2001.0,1.296869,68.653022
2002.0,1.296824,67.79
2003.0,1.296778,66.876717
2004.0,1.296732,66.343
2005.0,1.296686,65.482034
2006.0,1.29664,64.898
2007.0,1.296593,64.118696
2008.0,1.296546,63.582
2009.0,1.296499,62.805196
2010.0,1.296452,62.319629
2011.0,1.296404,61.55902
2012.0,1.296355,61.05183
2013.0,1.296307,60.292266
2014.0,1.296258,59.796002
2015.0,1.29621,59.066605
2016.0,1.296161,58.56871
2017.0,1.296113,57.879552
2018.0,1.296066,57.46041
2019.0,1.296019,56.795
2020.0,1.295973,56.316369
2021.0,1.295927,55.662
2022.0,1.295882,55.029574
2023.0,1.295837,54.630516
2024.0,1.295791,53.982057
2025.0,1.295746,53.561282
2026.0,1.2957,52.93711
2027.0,1.295653,52.562931
2028.0,1.295606,51.97
2029.0,1.295558,51.384451
2030.0,1.29551,50.982
2031.0,1.295462,50.470534
2032.0,1.295414,50.059288
2033.0,1.295365,49.509459
2034.0,1.295316,49.154346
2035.0,1.295267,48.598
2036.0,1.295218,48.061064
2037.0,1.295168,47.731528
2038.0,1.295119,47.180824
2039.0,1.295069,46.849353
2040.0,1.295019,46.348
2041.0,1.294969,45.841663
2042.0,1.294919,45.531026
2043.0,1.294868,45.027586
2044.0,1.294817,44.731418
2045.0,1.294766,44.256
2046.0,1.294714,43.785741
2047.0,1.294662,43.483574
2048.0,1.29461,43.01771
2049.0,1.294558,42.732637
2050.0,1.294507,42.278
2051.0,1.294457,41.858587
2052.0,1.294408,41.551123
2053.0,1.294359,41.152
2054.0,1.294312,40.720635
2055.0,1.294264,40.456052
2056.0,1.294217,40.016479
2057.0,1.29417,39.75006
2058.0,1.294122,39.335
2059.0,1.294073,38.940864
2060.0,1.294024,38.682829
2061.0,1.293973,38.272
2062.0,1.29392,37.895849
2063.0,1.293866,37.616873
2064.0,1.293811,37.261
2065.0,1.293754,36.873103
2066.0,1.293698,36.63537
2067.0,1.293641,36.283
2068.0,1.293585,35.916257
2069.0,1.29353,35.681091
2070.0,1.293476,35.362
2071.0,1.293424,34.992472
2072.0,1.293373,34.785835
2073.0,1.293322,34.469
2074.0,1.293272,34.133174
2075.0,1.293223,33.917047
2076.0,1.293173,33.626
2077.0,1.293123,33.292392
2078.0,1.293072,33.094326
2079.0,1.29302,32.797
2080.0,1.292966,32.512954
2081.0,1.29291,32.306412
2082.0,1.292853,32.001
2083.0,1.292794,31.718371
2084.0,1.292734,31.540194
2085.0,1.292673,31.267719
2086.0,1.292613,30.97156
2087.0,1.292554,30.7098
2088.0,1.292495,30.521201
2089.0,1.292438,30.252
2090.0,1.292382,29.988981
2091.0,1.292328,29.802627
2092.0,1.292273,29.574657
2093.0,1.29222,29.285412
2094.0,1.292166,29.05689
2095.0,1.292113,28.875769
2096.0,1.29206,28.646
2097.0,1.292007,28.39727
2098.0,1.291953,28.2242
2099.0,1.291899,27.992985
2100.0,1.291845,27.76
2101.0,1.291791,27.505893
2102.0,1.291738,27.367213
2103.0,1.291684,27.134
2104.0,1.291631,26.920407
2105.0,1.291577,26.707344
2106.0,1.291522,26.573613
2107.0,1.291467,26.367
2108.0,1.29141,26.167511
2109.0,1.291353,25.967695
2110.0,1.291294,25.843544
2111.0,1.291233,25.65
2112.0,1.291171,25.464866
2113.0,1.291108,25.278569
2114.0,1.291044,25.175306
2115.0,1.29098,25.006486
2116.0,1.290917,24.848
2117.0,1.290855,24.661606
2118.0,1.290795,24.545371
2119.0,1.290736,24.379443
2120.0,1.290678,24.202
2121.0,1.29062,24.013797
2122.0,1.290563,23.860245
2123.0,1.290506,23.741717
2124.0,1.29045,23.582
2125.0,1.290393,23.42006
2126.0,1.290336,23.278548
2127.0,1.290279,23.180162
2128.0,1.290221,23.038782
2129.0,1.290163,22.89
2130.0,1.290105,22.753547
2131.0,1.290046,22.616583
2132.0,1.289988,22.517827
2133.0,1.289929,22.392909
2134.0,1.28987,22.271
2135.0,1.289812,22.134913
2136.0,1.289752,22.015512
2137.0,1.289693,21.943277
2138.0,1.289634,21.834358
2139.0,1.289575,21.719
2140.0,1.289515,21.616
2141.0,1.289455,21.495265
2142.0,1.289395,21.399572
2143.0,1.289335,21.330808
2144.0,1.289275,21.228463
2145.0,1.289215,21.12
2146.0,1.289154,21.017457
2147.0,1.289094,20.908872
2148.0,1.289033,20.848878
2149.0,1.288972,20.766256
2150.0,1.288911,20.664571
2151.0,1.28885,20.576
2152.0,1.288789,20.488372
2153.0,1.288727,20.403406
2154.0,1.288666,20.325938
2155.0,1.288604,20.26538
2156.0,1.288542,20.174911
2157.0,1.28848,20.099
2158.0,1.288418,20.02
2159.0,1.288356,19.944739
2160.0,1.288293,19.869801
2161.0,1.28823,19.83086
2162.0,1.288168,19.764283
2163.0,1.288105,19.694464
2164.0,1.288041,19.633
2165.0,1.287978,19.584
2166.0,1.287915,19.522609
2167.0,1.287851,19.46293
2168.0,1.287787,19.417337
2169.0,1.287723,19.38094
2170.0,1.287659,19.328505
2171.0,1.287594,19.278623
2172.0,1.28753,19.231
2173.0,1.287465,19.177
2174.0,1.2874,19.130128
2175.0,1.287335,19.091243
2176.0,1.28727,19.037932
2177.0,1.287205,18.996333
2178.0,1.287139,18.956626
2179.0,1.287073,18.892714
2180.0,1.287007,18.836293
2181.0,1.286941,18.795
2182.0,1.286875,18.735
2183.0,1.286809,18.694686
2184.0,1.286742,18.656139
2185.0,1.286675,18.601434
2186.0,1.286608,18.555424
2187.0,1.286541,18.517341
2188.0,1.286474,18.487216
2189.0,1.286406,18.447135
2190.0,1.286339,18.426583
2191.0,1.286271,18.390159
2192.0,1.286203,18.374
2193.0,1.286134,18.371
2194.0,1.286066,18.375168
2195.0,1.285997,18.371313
2196.0,1.285928,18.363136
2197.0,1.285859,18.3541
2198.0,1.28579,18.347355
2199.0,1.285721,18.345107
2200.0,1.285651,18.336268
2201.0,1.285581,18.326529
2202.0,1.285511,18.328864
2203.0,1.285441,18.326455
2204.0,1.28537,18.340333
2205.0,1.2853,18.333792
2206.0,1.285229,18.336
2207.0,1.285158,18.34
2208.0,1.285087,18.32
2209.0,1.285016,18.307
2210.0,1.284944,18.291338
2211.0,1.284873,18.278135
2212.0,1.284801,18.27768
2213.0,1.284729,18.286557
2214.0,1.284656,18.289527
2215.0,1.284584,18.301162
2216.0,1.284511,18.323302
2217.0,1.284438,18.347807
2218.0,1.284365,18.360087
2219.0,1.284291,18.368041
2220.0,1.284217,18.371147
2221.0,1.284142,18.375426
2222.0,1.284066,18.370986
2223.0,1.283991,18.397885
2224.0,1.283915,18.415835
2225.0,1.28384,18.433424
2226.0,1.283766,18.464445
2227.0,1.283692,18.486042
2228.0,1.283619,18.509858
2229.0,1.283548,18.535079
2230.0,1.283478,18.567195
2231.0,1.283408,18.580207
2232.0,1.28334,18.597736
2233.0,1.283272,18.634523
2234.0,1.283204,18.644907
2235.0,1.283136,18.668087
2236.0,1.283067,18.698134
2237.0,1.282997,18.745176
2238.0,1.282925,18.788005
2239.0,1.282852,18.829596
2240.0,1.282777,18.876784
2241.0,1.282701,18.930119
2242.0,1.282623,18.973935
2243.0,1.282545,19.024982
2244.0,1.282465,19.078613
2245.0,1.282385,19.130966
2246.0,1.282305,19.188483
2247.0,1.282224,19.242983
2248.0,1.282144,19.291386
2249.0,1.282064,19.34188
2250.0,1.281984,19.400311
2251.0,1.281903,19.45455
2252.0,1.281822,19.507121
2253.0,1.28174,19.608126
2254.0,1.281658,19.66004
2255.0,1.281577,19.734194
2256.0,1.281495,19.804023
2257.0,1.281415,19.848121
2258.0,1.281335,19.904789
2259.0,1.281256,19.972666
2260.0,1.281178,20.042923
2261.0,1.281102,20.128298
2262.0,1.281027,20.201591
2263.0,1.280953,20.274
2264.0,1.280879,20.376
2265.0,1.280804,20.456
2266.0,1.28073,20.541
2267.0,1.280655,20.622355
2268.0,1.280578,20.7133
2269.0,1.280501,20.793107
2270.0,1.280421,20.87286
2271.0,1.280339,20.938068
2272.0,1.280255,21.025416
2273.0,1.280169,21.113531
2274.0,1.280082,21.259722
2275.0,1.279994,21.353541
2276.0,1.279906,21.451624
2277.0,1.279818,21.52801
2278.0,1.279731,21.636227
2279.0,1.279645,21.740667
2280.0,1.279561,21.831
2281.0,1.279479,21.921
2282.0,1.279398,22.015955
2283.0,1.279318,22.12112
2284.0,1.279239,22.231621
2285.0,1.279161,22.34444
2286.0,1.279082,22.453351
2287.0,1.279003,22.641971
2288.0,1.278924,22.754867
2289.0,1.278843,22.869231
2290.0,1.27876,23.006587
2291.0,1.278675,23.126
2292.0,1.278588,23.269
2293.0,1.278498,23.383388
2294.0,1.278406,23.508801
2295.0,1.278313,23.626172
2296.0,1.278219,23.768742
2297.0,1.278125,23.854437
2298.0,1.278031,24.092365
2299.0,1.277938,24.182476
2300.0,1.277846,24.327139
2301.0,1.277755,24.439
2302.0,1.277666,24.587
2303.0,1.277579,24.70333
2304.0,1.277493,24.853047
2305.0,1.277408,24.953784
2306.0,1.277323,25.230821
2307.0,1.277237,25.337242
2308.0,1.277152,25.48762
2309.0,1.277065,25.638178
2310.0,1.276978,25.785
2311.0,1.276888,25.919888
2312.0,1.276797,26.106062
2313.0,1.276702,26.230103
2314.0,1.276603,26.532817
2315.0,1.276502,26.641208
2316.0,1.276402,26.804898
2317.0,1.276305,26.95
2318.0,1.276211,27.116
2319.0,1.276118,27.271665
2320.0,1.276025,27.434668
2321.0,1.275934,27.560972
2322.0,1.275843,27.89267
2323.0,1.275752,28.01915
2324.0,1.275662,28.194
2325.0,1.275571,28.375
2326.0,1.275479,28.554182
2327.0,1.275388,28.689166
2328.0,1.275295,29.029284
2329.0,1.275202,29.160637
2330.0,1.275108,29.342234
2331.0,1.275015,29.51
2332.0,1.274921,29.687549
2333.0,1.274827,29.878395
2334.0,1.274733,30.022865
2335.0,1.274638,30.381582
2336.0,1.274543,30.537803
2337.0,1.274448,30.725
2338.0,1.274353,30.917578
2339.0,1.274257,31.064901
2340.0,1.274161,31.44827
2341.0,1.274066,31.596359
2342.0,1.273971,31.796559
2343.0,1.273876,31.992
2344.0,1.27378,32.184578
2345.0,1.273684,32.37812
2346.0,1.273587,32.720159
2347.0,1.273488,32.899052
2348.0,1.273389,33.108
2349.0,1.273287,33.312204
2350.0,1.273184,33.477085
2351.0,1.273078,33.87871
2352.0,1.272969,34.043154
2353.0,1.272857,34.25591
2354.0,1.272743,34.469
2355.0,1.272628,34.679887
2356.0,1.272513,34.858707
2357.0,1.272398,35.280733
2358.0,1.272284,35.468682
2359.0,1.272172,35.701
2360.0,1.272062,35.91681
2361.0,1.271954,36.100851
2362.0,1.271848,36.556596
2363.0,1.271742,36.750587
2364.0,1.271638,36.973294
2365.0,1.271533,37.156341
2366.0,1.271429,37.604993
2367.0,1.271325,37.765596
2368.0,1.271221,38.012
2369.0,1.271116,38.266116
2370.0,1.271009,38.478339
2371.0,1.270902,38.919415
2372.0,1.270793,39.126244
2373.0,1.270683,39.377
2374.0,1.270572,39.568353
2375.0,1.27046,40.067271
2376.0,1.270347,40.236211
2377.0,1.270235,40.501
2378.0,1.270122,40.775493
2379.0,1.270011,40.95612
2380.0,1.2699,41.47103
2381.0,1.26979,41.674
2382.0,1.269682,41.961029
2383.0,1.269576,42.199278
2384.0,1.269474,42.678713
2385.0,1.269372,42.934319
2386.0,1.26927,43.185123
2387.0,1.269166,43.417893
2388.0,1.269059,43.882047
2389.0,1.268949,44.125274
2390.0,1.268837,44.388201
2391.0,1.268724,44.642578
2392.0,1.268609,45.131562
2393.0,1.268494,45.38049
2394.0,1.268377,45.6467
2395.0,1.26826,45.902892
2396.0,1.268142,46.374994
2397.0,1.268024,46.626439
2398.0,1.267906,46.897572
2399.0,1.267787,47.142824
2400.0,1.267668,47.639201
2401.0,1.267549,47.869
2402.0,1.267428,48.168244
2403.0,1.267308,48.363908
2404.0,1.267187,48.943196
2405.0,1.267065,49.168
2406.0,1.266943,49.394935
2407.0,1.26682,49.973706
2408.0,1.266697,50.207334
2409.0,1.266574,50.4982
2410.0,1.26645,50.775066
2411.0,1.266326,51.313894
2412.0,1.266202,51.59
2413.0,1.266077,51.907203
2414.0,1.265952,52.456403
2415.0,1.265826,52.746155
2416.0,1.2657,53.104
2417.0,1.265574,53.392927
2418.0,1.265446,54.005031
2419.0,1.265318,54.287
2420.0,1.265189,54.618519
2421.0,1.265059,55.231384
2422.0,1.264927,55.549991
2423.0,1.264794,55.879526
2424.0,1.264659,56.180076
2425.0,1.264523,56.862523
2426.0,1.264386,57.134
2427.0,1.264249,57.459447
2428.0,1.264112,58.081098
2429.0,1.263976,58.41
2430.0,1.263841,58.782513
2431.0,1.263708,59.461802
2432.0,1.263577,59.762778
2433.0,1.263449,60.089142
2434.0,1.263325,60.390269
2435.0,1.263202,61.068629
2436.0,1.263079,61.462823
2437.0,1.262953,61.80385
2438.0,1.262824,62.497938
2439.0,1.262691,62.857
2440.0,1.262557,63.163436
2441.0,1.262421,63.923142
2442.0,1.262284,64.273
2443.0,1.262145,64.623121
2444.0,1.262006,65.386532
2445.0,1.261865,65.736
2446.0,1.261724,66.086596
2447.0,1.261582,66.853847
2448.0,1.26144,67.247
2449.0,1.261297,67.587563
2450.0,1.261153,68.422978
2451.0,1.261008,68.805
2452.0,1.260862,69.179607
2453.0,1.260715,70.089195
2454.0,1.260567,70.462
2455.0,1.260419,70.835244
2456.0,1.260271,71.742606
2457.0,1.260123,72.115
2458.0,1.259975,72.486236
2459.0,1.259829,73.396515
2460.0,1.259683,73.814
2461.0,1.259539,74.231212
2462.0,1.259398,75.140043
2463.0,1.259258,75.534539
2464.0,1.259119,75.914435
2465.0,1.258981,76.744514
2466.0,1.258842,77.182627
2467.0,1.258703,78.011347
2468.0,1.258561,78.388923
2469.0,1.258418,78.804005
2470.0,1.258272,79.697362
2471.0,1.258123,80.047
2472.0,1.257969,80.458068
2473.0,1.257805,81.357925
2474.0,1.257628,81.726
2475.0,1.257447,82.149471
2476.0,1.257269,82.946235
2477.0,1.257102,83.38435
2478.0,1.256946,84.232927
2479.0,1.256796,84.740415
2480.0,1.256649,85.097764
2481.0,1.256506,85.841677
2482.0,1.256365,86.172
2483.0,1.256225,86.374356
2484.0,1.256084,87.076983
2485.0,1.255943,87.624353
2486.0,1.2558,88.83848
2487.0,1.255653,89.04079
2488.0,1.255503,89.447181
2489.0,1.255347,90.552552
2490.0,1.255186,90.89
2491.0,1.255021,91.344389
2492.0,1.254853,92.036828
2493.0,1.254681,92.436072
2494.0,1.254508,93.077269
2495.0,1.254334,93.328
2496.0,1.254159,93.583811
2497.0,1.253983,94.16333
2498.0,1.253809,94.479431
2499.0,1.253636,94.99445
2500.0,1.253465,95.303
