"wave","EIrrad"
400,1.69
401,1.72926942034347
402,1.80999582688911
403,1.74009196458354
404,1.73999856453641
405,1.68998467638208
406,1.64546298350891
407,2.10802992579895
408,2.02605136978215
409,2.07771859861462
410,1.85717543831762
411,1.90508136601239
412,0.821544746687124
413,1.89089552236069
414,2.01968644917388
415,2.04703295470581
416,1.49815660293357
417,2.01258694028797
418,1.56180247574193
419,1.28083412975438
420,1.73869588907492
421,2.06665676281855
422,1.69847791532931
423,2.02859234555273
424,0.952819506682625
425,1.50045581751073
426,1.71722178772245
427,1.62143044265046
428,1.88123473667705
429,1.48089168252305
430,0.812516204790499
431,1.49671499462641
432,1.56775757103294
433,2.0867278549469
434,1.45308693384736
435,1.98506471850961
436,1.38947141613889
437,2.14224994316445
438,2.14608017778371
439,1.701759379171
440,1.92900002278602
441,2.12065616599836
442,2.12658140927161
443,2.1492285368657
444,2.33922908672734
445,2.33861960865033
446,2.19558984353024
447,2.06867996216581
448,2.21674108833134
449,2.20104979279048
450,1.89522033889227
451,2.19674867785534
452,2.13098006272362
453,0.833138262089469
454,1.84259371977867
455,1.68249539206618
456,1.63355372674516
457,1.81385471142029
458,1.97774805775625
459,2.17536709265659
460,2.12848363056726
461,2.23920474759508
462,1.64681372227686
463,2.21118244773501
464,2.18166191927034
465,1.56942220592863
466,2.127401033814
467,1.93800918641341
468,1.67325472553708
469,1.97207658967825
470,1.55906269719223
471,1.92735837774801
472,2.08831717464902
473,1.74629293210015
474,2.2286780857009
475,2.16671900800155
476,2.09684049207453
477,1.98076590791445
478,2.22012429197249
479,1.90801750733624
480,1.83673016372229
481,1.69240955011159
482,2.19458181234025
483,2.10331077354201
484,1.62683066654073
485,2.03023372350799
486,1.84083110664246
487,2.03551071123074
488,2.11246568038354
489,1.42122207207041
490,2.10176280576278
491,2.09671226486145
492,1.65732148556637
493,2.16542688292314
494,1.85878097752254
495,2.12920870114609
496,2.08194153624858
497,1.65647209177708
498,1.49871789454542
499,2.17191674744262
500,2.14
501,2.03168841253744
502,1.48115923450592
503,2.09698958873942
504,1.61447067592671
505,1.83765606380747
506,2.05469327698442
507,1.80175433981554
508,2.04518928665935
509,2.01651848023737
510,1.29528586038451
511,2.01734150969581
512,2.12155686141386
513,2.00547571167392
514,1.98576260760577
515,2.01076049484593
516,1.97017489769958
517,1.60727941381557
518,2.02233123305034
519,1.66007111996078
520,1.82802928750796
521,0.687689903036247
522,2.07283026094921
523,1.8279717031353
524,1.96947458376901
525,2.06231128555269
526,2.05378272661353
527,1.70752779434797
528,2.03002989413906
529,1.78801350327747
530,1.56009309095355
531,1.94087266933019
532,2.01980484998346
533,1.06945727433034
534,1.95124548986867
535,1.6168921627402
536,2.04797974236025
537,1.93098767566542
538,1.9902397433996
539,1.92375316864784
540,1.73612692249189
541,1.98749574457346
542,1.97308797793922
543,1.99441347737057
544,2.00359796416338
545,1.92717308356656
546,2.00006686119428
547,1.97488545382249
548,1.74733841926799
549,1.96114231678292
550,1.96662981653871
551,1.83316751866326
552,1.95053061109809
553,1.00181829565884
554,1.8064848276551
555,1.93976753995861
556,1.98466379717501
557,1.95256259239113
558,1.88911799251481
559,1.86280489133721
560,1.06900641136581
561,1.93656783269455
562,1.79528231378357
563,1.84972647501674
564,1.64722833293048
565,1.88929605920697
566,1.45362568406031
567,1.92493862874615
568,1.94442428893978
569,1.47001958055002
570,1.60937747522392
571,1.50301928559627
572,1.93520803705826
573,1.91010696005519
574,1.8535122673702
575,1.80407033479445
576,1.90068184108027
577,1.89995321029308
578,1.78068474790298
579,1.85055691646219
580,1.79710904464118
581,1.88540246840313
582,1.8901322981483
583,1.89331937945058
584,1.79032624381519
585,1.85722027671739
586,1.83884604459097
587,1.85696566398209
588,1.88487329718461
589,1.78633403678893
590,1.78471219727549
591,1.84998169108644
592,1.76819048367763
593,1.84746065820549
594,1.83941677042821
595,1.65285816238092
596,1.7274180447434
597,1.8048191042678
598,1.73356181051264
599,1.773726115548
600,1.81386755120918
601,1.66448466823978
602,1.7520832840918
603,1.77496096524347
604,1.79038392188109
605,1.77954733990866
606,1.77138351899929
607,1.7753479877448
608,1.50528250221678
609,1.77689619796167
610,1.72768341638803
611,1.57135336547284
612,1.78113085575561
613,1.74360606255811
614,1.78056052095032
615,1.75830418276291
616,1.79205413375854
617,1.80388405832303
618,1.76260936229553
619,1.74281120856672
620,1.77001675400855
621,1.74097469891624
622,1.74254391916483
623,1.74377029062364
624,1.63094950862158
625,1.74
626,1.58002952463033
627,1.73018293997304
628,1.72573915836552
629,1.73045334097579
630,1.61823327069953
631,1.72129829224206
632,1.4283379793059
633,1.69803920081433
634,1.69335052906549
635,1.70000794533593
636,1.58987126614989
637,1.68808031994624
638,1.54998572450082
639,1.67371100825587
640,1.68
641,1.34786837543008
642,1.65299568926238
643,1.65996892990212
644,1.65644123089323
645,1.66211241029579
646,1.66877589301443
647,1.66238176938696
648,1.64879429656022
649,1.63593309442707
650,1.6608887274014
651,1.62938086208595
652,1.4663216521343
653,1.62664536421743
654,1.6024521618832
655,1.5720632154375
656,1.43823184797538
657,1.49133385738878
658,1.57509104258543
659,1.57770257006036
660,1.58037010385783
661,1.55406142863985
662,1.58057395455466
663,1.58209523260505
664,1.57171033333135
665,1.55745516748509
666,1.57990279463894
667,1.55153104051227
668,1.25371428129973
669,1.56268371287572
670,1.55242831881382
671,1.53917130160783
672,1.53374694180513
673,1.53088672009028
674,1.43591200488815
675,1.49461211073491
676,1.50965313034112
677,1.47950456863795
678,1.50215171734091
679,1.49940538791606
680,1.47786295275899
681,1.48372420693059
682,1.47908332782381
683,1.46075058243339
684,1.46504265672219
685,1.45752710883982
686,1.3324299903695
687,1.48999095785828
688,1.47844163715897
689,1.45704583293417
690,1.45331421754055
691,1.472652952606
692,1.45873883409904
693,1.46011560521078
694,1.45211057394376
695,1.44678497359179
696,1.44726995871008
697,1.44988095639944
698,1.35293355166336
699,1.42379465810032
700,1.41486298677953
701,1.35952754426703
702,1.40834746079029
703,1.39492546621598
704,1.33092637243003
705,1.42016002931516
706,1.39569555798615
707,1.32315174154431
708,1.38178818291448
709,1.35950692298388
710,1.4045653852551
711,1.4130796825552
712,1.34927899699609
713,1.36040305052823
714,1.39767080041028
715,1.03032644761771
716,1.36957471308047
717,1.15984423359961
718,1.28152778700838
719,1.29027327234519
720,1.21748222548853
721,1.36822070167762
722,1.3072660375377
723,1.28557179498328
724,1.34182507454624
725,1.35864986903735
726,1.18617680400095
727,1.34319996476971
728,1.15631124190953
729,1.21035877120943
730,1.32282387096849
731,1.15745388778471
732,1.25224090994506
733,1.3243777584323
734,1.34018058068093
735,1.30830647834677
736,1.2906583676853
737,1.3081365115672
738,1.30154246042108
739,1.16497396311877
740,1.32189137939193
741,1.31082625739938
742,1.32561699253719
743,1.31086288638178
744,1.30074962006757
745,1.28063752136223
746,1.31145245779037
747,1.3089868708383
748,1.29042728016978
749,1.30037224375818
750,1.30453735229558
751,1.3064738299449
752,1.28900021794823
753,1.28117600503647
754,1.27908093860116
755,1.22973616996023
756,1.25717210297596
757,1.27880881682241
758,1.27732602472951
759,1.23761530421189
760,1.26053799526176
761,1.26028526485581
762,1.19801455337986
763,1.24979119349809
764,1.25000155915001
765,1.25005103292219
766,1.1168647346647
767,1.22942696751774
768,1.22875750886149
769,1.22809833935149
770,1.22061545370795
771,1.22979548892495
772,1.23078326503429
773,1.14351914496247
774,1.21999861879889
775,1.08762479593059
776,1.21679874707508
777,1.21997186743399
778,1.21114628760622
779,1.22095563591819
780,1.11802612854711
781,1.09235577156169
782,1.20998549486917
783,1.21213254067482
784,1.1991457373519
785,1.20861744271666
786,1.20001132661629
787,1.19939608715966
788,1.18236843905953
789,1.18225539085773
790,1.1825189824799
791,1.19182512979134
792,1.1091785307541
793,1.16892010647229
794,1.1016281349044
795,1.15475389327237
796,1.15773348411142
797,1.14156114126881
798,1.16466524683198
799,1.12053168977832
800,1.15
801,1.140224967171
802,1.13153638360662
803,1.07671616070901
804,1.14260140601046
805,1.07703483381525
806,1.1399814294061
807,1.13096731734611
808,1.13018587133529
809,1.11974891109942
810,1.05694710426105
811,1.12222629284683
812,1.11001922069339
813,1.11024898591874
814,1.11000041101173
815,1.10968385446674
816,1.09999739967804
817,1.09008995234055
818,1.08962584915737
819,1.06997299555338
820,1.06140508730009
821,1.0599662258621
822,1.0931429200057
823,1.09044406410809
824,1.05911541854581
825,1.03913839801178
826,1.07587291042145
827,1.07998505750269
828,1.07742524146084
829,1.06992447195283
830,1.06153088191947
831,1.03010728655725
832,1.05021202003107
833,0.974693411444603
834,1.04565625482261
835,1.01911411758327
836,1.05027114504237
837,1.05234729135403
838,1.03983744747726
839,0.953947033813113
840,1.02975397005978
841,1.05099189195546
842,1.01548946853869
843,1.02520492130012
844,1.01093574434667
845,1.00494233592855
846,1.01338412612969
847,0.9581745627843
848,1.03005246741379
849,1.03092539227745
850,0.724118463607817
851,1.02004625339491
852,1.00970397115783
853,0.960319699883419
854,0.885665898008858
855,0.926740564872873
856,0.978209810665108
857,1.01005948207436
858,0.999927065418547
859,0.97725424605987
860,0.964709966697
861,0.986974433222652
862,0.975044078572723
863,0.995585758131967
864,0.996051669535136
865,0.955823741901723
866,0.913471895466519
867,0.918657941012014
868,0.973153428982387
869,0.864172940996243
870,0.959726476425554
871,0.978311635497484
872,0.957942468399231
873,0.949192207010452
874,0.942662255663407
875,0.942365643537225
876,0.919519358882337
877,0.961587215311147
878,0.962433713343291
879,0.966771703006736
880,0.954949595185354
881,0.825026072861875
882,0.949126613956321
883,0.953118612553155
884,0.906773602718706
885,0.93334876162816
886,0.936971243554021
887,0.879127021560513
888,0.91666536295769
889,0.942386898578652
890,0.935797789040854
891,0.937547610621259
892,0.932502512510628
893,0.892322741024688
894,0.935077729463131
895,0.89580716658047
896,0.932792851189648
897,0.885344382880424
898,0.902300632014118
899,0.919630770935579
900,0.874714068544634
901,0.876867416557665
902,0.859542313329289
903,0.907028508551171
904,0.906097791721451
905,0.909551560607665
906,0.906255619350921
907,0.907464422456832
908,0.864070318335124
909,0.815551151880307
910,0.877839635359899
911,0.879152086763343
912,0.838821167620167
913,0.894772964528097
914,0.888793470178229
915,0.851262302240858
916,0.880985458667627
917,0.874528547499363
918,0.867771501433368
919,0.872480110874961
920,0.863436281408298
921,0.853519332007261
922,0.837012148331525
923,0.783416630543874
924,0.826957485921599
925,0.831939930584741
926,0.785562727006688
927,0.856340885529058
928,0.853355412179033
929,0.842696094884895
930,0.843937526819787
931,0.847638066335971
932,0.83189309770733
933,0.84586698895814
934,0.847898434290376
935,0.840958876455344
936,0.823782025034856
937,0.840676153582188
938,0.844964656548551
939,0.829677966173559
940,0.834569507206598
941,0.796123794155985
942,0.810421808300842
943,0.828435057957877
944,0.785799107601598
945,0.80600821617176
946,0.819776899327973
947,0.822484290088374
948,0.818970788142515
949,0.811755322913917
950,0.817280295594384
951,0.809797645240478
952,0.811905207671364
953,0.79746382718518
954,0.795069086884037
955,0.72223963951188
956,0.797943035811634
957,0.795760109193285
958,0.801176635350011
959,0.796732725401023
960,0.790755131202647
961,0.782435194888873
962,0.794984625562017
963,0.775576094366592
964,0.772836397292727
965,0.780348119306619
966,0.750907804848008
967,0.788541901911971
968,0.770634950466654
969,0.771463114003483
970,0.785149673675157
971,0.765072159182586
972,0.776975027196222
973,0.767106615783114
974,0.747055978282848
975,0.762568254528077
976,0.771936069087621
977,0.766078832877894
978,0.77493971140232
979,0.742142573213006
980,0.763571947848671
981,0.766324989391586
982,0.765628292857418
983,0.759021673598533
984,0.761318798622328
985,0.76061031830192
986,0.757017743609943
987,0.757349334448264
988,0.760182481754932
989,0.73639885982167
990,0.737113986930884
991,0.750000185308311
992,0.751551396808866
993,0.748760635530107
994,0.748365446590513
995,0.743249646545013
996,0.741111658726197
997,0.741031823244361
998,0.739004698516034
999,0.73501554275392
1000,0.734
1001,0.736009699817409
1002,0.735006958968872
1003,0.725836814624338
1004,0.717039691588179
1005,0.659251409377902
1006,0.701871308218362
1007,0.719970410914856
1008,0.723491506269881
1009,0.721423205790829
1010,0.722010253925492
1011,0.717118610947086
1012,0.720822109578205
1013,0.718495988492386
1014,0.715997743902406
1015,0.698824565975199
1016,0.707595903920097
1017,0.707287488204317
1018,0.711329485276642
1019,0.702440082730237
1020,0.701015205322129
1021,0.701940898724296
1022,0.674845308822337
1023,0.702046372913443
1024,0.698948242626129
1025,0.69690173347895
1026,0.700060905165011
1027,0.695976522029155
1028,0.698085612875992
1029,0.679832291486751
1030,0.692650399947311
1031,0.690733661559522
1032,0.690972737277367
1033,0.667480376285283
1034,0.688638977127365
1035,0.679109698514053
1036,0.685798664361028
1037,0.681935773623159
1038,0.670782265733203
1039,0.67958661338362
1040,0.662821762361719
1041,0.671869696411771
1042,0.674997741059793
1043,0.665668810102232
1044,0.670780811647069
1045,0.664894705719665
1046,0.64114131863693
1047,0.659042999648654
1048,0.668001788069344
1049,0.663921568043289
1050,0.659911547951762
1051,0.662825439275747
1052,0.655895275746828
1053,0.660016756066941
1054,0.657897057027858
1055,0.657825236890775
1056,0.656081627552727
1057,0.654930376400216
1058,0.650949254547267
1059,0.621195543551113
1060,0.652993529236556
1061,0.640878320815345
1062,0.646047610191246
1063,0.628339410248983
1064,0.647197680780013
1065,0.644615988716495
1066,0.640180933165847
1067,0.64095685145322
1068,0.641053205887324
1069,0.612293901001508
1070,0.625310086125585
1071,0.622005917385957
1072,0.627261899062035
1073,0.597353692535598
1074,0.633993856089872
1075,0.604530978875605
1076,0.628643097281967
1077,0.620032707731809
1078,0.628434729493763
1079,0.595411663538912
1080,0.621338734371011
1081,0.619003536984865
1082,0.613844067313195
1083,0.574955377856898
1084,0.612732309008656
1085,0.61106047953104
1086,0.618068026779251
1087,0.573926807764084
1088,0.614112392014611
1089,0.591730140882839
1090,0.600495982529293
1091,0.606914597477547
1092,0.591627579752514
1093,0.590342544435095
1094,0.524141177963314
1095,0.586743784849215
1096,0.582462704194765
1097,0.568786661297805
1098,0.575433416487147
1099,0.585490638768394
1100,0.590019457049052
1101,0.589716595430783
1102,0.560597106569046
1103,0.586273236968911
1104,0.583013003315384
1105,0.578176033701506
1106,0.578114529245228
1107,0.576575866921965
1108,0.580295929309897
1109,0.582326985153174
1110,0.582999256256534
1111,0.577785477046712
1112,0.571903049081186
1113,0.57649207219461
1114,0.580245750888029
1115,0.566783559582954
1116,0.563334201301528
1117,0.57743515653545
1118,0.572796086192083
1119,0.55029463726835
1120,0.55787397509862
1121,0.564124903809465
1122,0.568955908515322
1123,0.563930388675419
1124,0.566457005484838
1125,0.560808534788832
1126,0.551050562016339
1127,0.565186210086818
1128,0.550257009209692
1129,0.553340338287943
1130,0.544047205649585
1131,0.556027820311968
1132,0.557127922565932
1133,0.550555346428356
1134,0.547736444332449
1135,0.55538628804955
1136,0.548431021357559
1137,0.555099655418656
1138,0.542748909097771
1139,0.544936164032286
1140,0.544011677217964
1141,0.53326958934627
1142,0.546486156989426
1143,0.541585883076384
1144,0.527971477166696
1145,0.537688295084169
1146,0.541999377503431
1147,0.547110118697913
1148,0.544171500352659
1149,0.537480761169755
1150,0.53642965540185
1151,0.53776879873945
1152,0.531350072135897
1153,0.534963668537787
1154,0.538662843018869
1155,0.539007086597673
1156,0.527256394714512
1157,0.533084644804591
1158,0.53211974523707
1159,0.525600746717811
1160,0.521922421083097
1161,0.507996877632015
1162,0.522921179209434
1163,0.523626090284395
1164,0.512123237984722
1165,0.524093393863567
1166,0.508122098192646
1167,0.516894341698762
1168,0.52482515529945
1169,0.505364783466615
1170,0.519008913650326
1171,0.520841963995347
1172,0.520070366836798
1173,0.514654645796957
1174,0.516883180634512
1175,0.506495816786466
1176,0.498145654597841
1177,0.511576306573978
1178,0.509117441175333
1179,0.50286590229598
1180,0.511385024526897
1181,0.512565360418513
1182,0.510256782402932
1183,0.467154703588514
1184,0.498716549303776
1185,0.504961049546398
1186,0.505624314616936
1187,0.504851350218626
1188,0.501398195556185
1189,0.473297985051245
1190,0.494197580196052
1191,0.500839632295395
1192,0.500334133832219
1193,0.498118784838466
1194,0.498264493087092
1195,0.492251821862042
1196,0.490308829693211
1197,0.491437697178919
1198,0.485025319495915
1199,0.462371802896068
1200,0.493176931523249
1201,0.490186469865378
1202,0.491917278384731
1203,0.483159372624813
1204,0.483747744128086
1205,0.487895715074466
1206,0.483314866018535
1207,0.486999532976176
1208,0.479178409227894
1209,0.454769005339056
1210,0.481424985400087
1211,0.469459001035372
1212,0.479937320022603
1213,0.481024433749878
1214,0.47876627594114
1215,0.480021322576476
1216,0.478923116064263
1217,0.478002937092431
1218,0.47606382195097
1219,0.473756147383537
1220,0.475163031344698
1221,0.473997529513533
1222,0.472385635435384
1223,0.467964408847126
1224,0.472988268062482
1225,0.469200496158574
1226,0.471913963022438
1227,0.464663643132992
1228,0.470004243871069
1229,0.467991326860719
1230,0.46609500719032
1231,0.466023518932627
1232,0.459987646709829
1233,0.464138186355677
1234,0.46305841480181
1235,0.460550074256083
1236,0.462038987935017
1237,0.460984965907664
1238,0.46097464811357
1239,0.455055545280083
1240,0.452034530950036
1241,0.457997006152901
1242,0.455036795599328
1243,0.449821672153778
1244,0.448725419338256
1245,0.455192797801911
1246,0.450989842748228
1247,0.449622862772861
1248,0.452902835089254
1249,0.452009186821666
1250,0.45
1251,0.448852047628838
1252,0.445418741031798
1253,0.447481772619362
1254,0.444798122716233
1255,0.444193115865882
1256,0.443892262237939
1257,0.440373211493075
1258,0.444127646167995
1259,0.440259955521066
1260,0.442706287944087
1261,0.441718841422289
1262,0.433024032527288
1263,0.44078501889875
1264,0.432951548179525
1265,0.433970471243868
1266,0.438987173851761
1267,0.430720038687643
1268,0.427501779173021
1269,0.432990158291141
1270,0.433999332495224
1271,0.434890165712289
1272,0.432368534672222
1273,0.431456855139323
1274,0.427419502075961
1275,0.430014330836932
1276,0.429999483984777
1277,0.428931242961204
1278,0.427751436468233
1279,0.423905125310005
1280,0.421473778332429
1281,0.408818354095244
1282,0.357188323280835
1283,0.400913715200899
1284,0.414842539457653
1285,0.417076339815021
1286,0.416926968035596
1287,0.420006116708302
1288,0.416938872191838
1289,0.419965708819268
1290,0.409711158229009
1291,0.414913969677828
1292,0.41698034950305
1293,0.417980336748698
1294,0.411008340844016
1295,0.415000025964696
1296,0.416001295776654
1297,0.413138272302774
1298,0.409093625650504
1299,0.413971437703585
1300,0.412251019821425
1301,0.411059928405648
1302,0.405702016811602
1303,0.403984774637374
1304,0.403712469033948
1305,0.408184140087487
1306,0.407028083303883
1307,0.406218875454796
1308,0.405844529503039
1309,0.406001088682582
1310,0.403938295746504
1311,0.403222804066413
1312,0.401985231661797
1313,0.385868477304065
1314,0.400172840168726
1315,0.391610126719252
1316,0.395899977952148
1317,0.399002642178168
1318,0.393226071617578
1319,0.399980444231158
1320,0.398848398483188
1321,0.39599724608365
1322,0.395712829048285
1323,0.39489237124075
1324,0.396064574200419
1325,0.394080968836006
1326,0.392908238878135
1327,0.390168596529176
1328,0.392195084627595
1329,0.380210080414923
1330,0.38595132070367
1331,0.388964679029436
1332,0.37921889833557
1333,0.389980060752634
1334,0.389014481447559
1335,0.388900191072071
1336,0.384932874562183
1337,0.386458530063757
1338,0.385031105480546
1339,0.380685003838049
1340,0.378486107158136
1341,0.383079311143042
1342,0.381978972484433
1343,0.382006831838988
1344,0.382535155902419
1345,0.381976242073096
1346,0.378419554237054
1347,0.381060301258967
1348,0.379642818797676
1349,0.377969997366646
1350,0.374036756896436
1351,0.374094755064628
1352,0.378065278003648
1353,0.375988982448121
1354,0.375011488449862
1355,0.371101884441932
1356,0.370560278496838
1357,0.365149350728953
1358,0.371847316587429
1359,0.371666022976265
1360,0.365080465612772
1361,0.372189019560995
1362,0.370062110943402
1363,0.363061234030834
1364,0.368222416172856
1365,0.366990234615084
1366,0.367008595322669
1367,0.3630057167158
1368,0.36697750620456
1369,0.359409771013745
1370,0.359028195881216
1371,0.359877803684287
1372,0.364675467638767
1373,0.363932789544224
1374,0.364032357703582
1375,0.358078846532747
1376,0.353865857477904
1377,0.358877763716218
1378,0.357058048506313
1379,0.362157068060689
1380,0.357928563773792
1381,0.359006033171964
1382,0.35389608089584
1383,0.355793672764887
1384,0.357574358775819
1385,0.353328244206301
1386,0.35698619691842
1387,0.352800269256684
1388,0.354403079060188
1389,0.356061191649178
1390,0.34912506381481
1391,0.354005146247546
1392,0.35298614270155
1393,0.350956228243697
1394,0.347747898640207
1395,0.348439274550534
1396,0.350887661360488
1397,0.349997072878813
1398,0.350003004403203
1399,0.348997479206307
1400,0.338848178446107
1401,0.34125348561961
1402,0.345914357585709
1403,0.342232554373899
1404,0.342357342588796
1405,0.341742525380645
1406,0.34246061293891
1407,0.342878282135371
1408,0.341140054981058
1409,0.342800206169732
1410,0.341100117119776
1411,0.340791957782429
1412,0.328386378237214
1413,0.333011773134219
1414,0.338139882464972
1415,0.336912823407174
1416,0.335108730607587
1417,0.337972074585024
1418,0.337209053136647
1419,0.332721548943458
1420,0.332097074761316
1421,0.335918096750101
1422,0.325691148441359
1423,0.326856395214549
1424,0.326176392699495
1425,0.330789798688449
1426,0.319729012880753
1427,0.325373072239987
1428,0.329517671410161
1429,0.322635680085367
1430,0.319981735804198
1431,0.322949661489722
1432,0.329906747716849
1433,0.330023935519928
1434,0.323212907334201
1435,0.325816391701844
1436,0.324832107172437
1437,0.327037964669679
1438,0.324884046996626
1439,0.327131480378223
1440,0.310853185165417
1441,0.315543898965318
1442,0.313338393486031
1443,0.316972177086382
1444,0.318557064593406
1445,0.317320091505201
1446,0.320223366092649
1447,0.316069035872312
1448,0.319995898759375
1449,0.319062018997262
1450,0.317422303543456
1451,0.31296723926653
1452,0.310778971196206
1453,0.31429712653152
1454,0.312497153056651
1455,0.310379343297789
1456,0.30899457426485
1457,0.312051249052826
1458,0.31499067531842
1459,0.317012340463164
1460,0.312302149948277
1461,0.311887597644165
1462,0.309034283542936
1463,0.306492247834116
1464,0.306860475720479
1465,0.310739145771614
1466,0.304053624006156
1467,0.3118831217628
1468,0.306000040687043
1469,0.309927796852746
1470,0.307425749040676
1471,0.301869304215396
1472,0.304067264482789
1473,0.30420203849482
1474,0.295298295983772
1475,0.30040430364625
1476,0.300893058678889
1477,0.299303927640876
1478,0.298931706427542
1479,0.301202005730431
1480,0.303916490692295
1481,0.299206721083388
1482,0.30206911249962
1483,0.29612595885604
1484,0.298822436233541
1485,0.303004097503628
1486,0.298211525677192
1487,0.297012758167647
1488,0.263424810571667
1489,0.297616355539661
1490,0.297841668662609
1491,0.299900103746096
1492,0.294634364914159
1493,0.30003043885844
1494,0.298976267472332
1495,0.296938840890144
1496,0.288506067939819
1497,0.293001886011744
1498,0.295458007318028
1499,0.292014386753005
1500,0.296597742728844
1501,0.295281444064401
1502,0.293771090133263
1503,0.267690400953578
1504,0.276466853868471
1505,0.267043935553738
1506,0.278554556777482
1507,0.290081666465059
1508,0.28722133638185
1509,0.284157577421434
1510,0.291016567732162
1511,0.29201104568516
1512,0.286149317322892
1513,0.285031574431607
1514,0.283001201495699
1515,0.287112458147589
1516,0.285204649587748
1517,0.28399999007831
1518,0.288147839441888
1519,0.284055280588859
1520,0.285943149771389
1521,0.280342105073814
1522,0.279372149910097
1523,0.284019438214566
1524,0.283280139136848
1525,0.278361891264528
1526,0.285031553192884
1527,0.281930200425049
1528,0.284123274208757
1529,0.2821873462438
1530,0.26795887017048
1531,0.281766522140849
1532,0.281413302754343
1533,0.278994058747551
1534,0.275900086359725
1535,0.276754116829053
1536,0.280123850788008
1537,0.279939660065713
1538,0.273989062808166
1539,0.278218097127124
1540,0.269098887029017
1541,0.272174211398979
1542,0.27407384415262
1543,0.274041505669524
1544,0.276721478997163
1545,0.277099609992383
1546,0.276275375217092
1547,0.271389748529445
1548,0.266111008110999
1549,0.272089630312913
1550,0.268677900943774
1551,0.269434781943924
1552,0.273169989757431
1553,0.26862205893769
1554,0.26399896814756
1555,0.266894779258598
1556,0.262644167343202
1557,0.268530509784174
1558,0.266398688213228
1559,0.26587933951477
1560,0.263881007357173
1561,0.268977450419053
1562,0.267094983312974
1563,0.264905251064372
1564,0.262007540790175
1565,0.265822506868143
1566,0.261958251048701
1567,0.261411034438371
1568,0.257954791786127
1569,0.259081329902804
1570,0.257640037908626
1571,0.264055497833531
1572,0.264279597552283
1573,0.260257732562662
1574,0.256553862824112
1575,0.241264258251822
1576,0.255996646628075
1577,0.236103869985215
1578,0.251565103318615
1579,0.256734723715002
1580,0.258938166720473
1581,0.259121744354526
1582,0.249106808047281
1583,0.252675058942961
1584,0.251211343135712
1585,0.257095278023432
1586,0.253132322576454
1587,0.25011190802768
1588,0.246002713723565
1589,0.228676118182024
1590,0.236260706952855
1591,0.237453777322257
1592,0.24887807560045
1593,0.253931643318965
1594,0.253399326445987
1595,0.25486267165051
1596,0.241887561749974
1597,0.245408787731178
1598,0.253956265786242
1599,0.248984253839797
1600,0.251
1601,0.244114890195287
1602,0.245967399417586
1603,0.246486879226779
1604,0.246993338013616
1605,0.244872367661786
1606,0.244494423744782
1607,0.242471691747344
1608,0.247922137791614
1609,0.246092901750551
1610,0.23252632313007
1611,0.238794734692471
1612,0.23957869731156
1613,0.2435931305213
1614,0.241973023262834
1615,0.241900261674862
1616,0.232014805846723
1617,0.235908657613284
1618,0.24251609324369
1619,0.241153218796237
1620,0.233505270817038
1621,0.233874483645859
1622,0.23784540259144
1623,0.242135756301254
1624,0.24238872432605
1625,0.237884071784749
1626,0.239002569965141
1627,0.240654502382754
1628,0.242001949612695
1629,0.241583339506987
1630,0.236975630234904
1631,0.238038127576347
1632,0.238141409973203
1633,0.235241216466964
1634,0.23295760365471
1635,0.236985910508014
1636,0.235988307544156
1637,0.22794546257876
1638,0.224035122556973
1639,0.219499895131301
1640,0.22458377653361
1641,0.222897565456508
1642,0.222860947116431
1643,0.227673219005633
1644,0.226028784975829
1645,0.225989682653909
1646,0.228945748239213
1647,0.228963828145644
1648,0.229027263770131
1649,0.225890305301417
1650,0.229678283592735
1651,0.224907670295516
1652,0.228380931363758
1653,0.22663198805453
1654,0.226917957394198
1655,0.224857458414987
1656,0.226978233894464
1657,0.227000131841117
1658,0.225900586105859
1659,0.223922674151083
1660,0.224878146081931
1661,0.22601309048555
1662,0.224960494584085
1663,0.22320810752257
1664,0.222979008724795
1665,0.2220017678598
1666,0.220042831882117
1667,0.220795654925778
1668,0.216273986967129
1669,0.217462798675147
1670,0.221993098007354
1671,0.22055605969111
1672,0.212782102858898
1673,0.214961252377525
1674,0.218029465890025
1675,0.213402083245505
1676,0.210142422549245
1677,0.21399987520125
1678,0.21345549250165
1679,0.210909514958844
1680,0.203992415244207
1681,0.197116042279799
1682,0.202096092100677
1683,0.207350622436061
1684,0.210857963290013
1685,0.212015759227242
1686,0.209961927467195
1687,0.210811262987275
1688,0.210875664891251
1689,0.20736597924186
1690,0.207673662510196
1691,0.210904934927945
1692,0.212040343584554
1693,0.210894422889551
1694,0.211001173018263
1695,0.211062510881629
1696,0.210105479932772
1697,0.208993098671566
1698,0.209007802493367
1699,0.207948359897645
1700,0.205271479343783
1701,0.20490402301174
1702,0.20436741640608
1703,0.202992913755936
1704,0.204944282225795
1705,0.206047365819105
1706,0.204686598526122
1707,0.203354673204627
1708,0.200020619585314
1709,0.20171977529569
1710,0.203040093158759
1711,0.192556542759993
1712,0.195394243986666
1713,0.203011300191375
1714,0.203000291279671
1715,0.203014990469018
1716,0.200433014157193
1717,0.199997715380945
1718,0.199774811270687
1719,0.199379914901575
1720,0.197909581763365
1721,0.196030225165266
1722,0.198308020140973
1723,0.190625490721282
1724,0.192646459495309
1725,0.195089017905124
1726,0.194074973633764
1727,0.195430826391078
1728,0.193013959693209
1729,0.19448088215153
1730,0.195108221248136
1731,0.194003797842947
1732,0.19174303045137
1733,0.182205677808093
1734,0.183963807149746
1735,0.183035918348662
1736,0.177026772180419
1737,0.175924607106637
1738,0.183317180363132
1739,0.185957801120884
1740,0.187862439195087
1741,0.186035911057758
1742,0.186931774947745
1743,0.188032661759992
1744,0.188995885711358
1745,0.185956452048406
1746,0.184759076425634
1747,0.183975416004875
1748,0.186404246542075
1749,0.18698188487
1750,0.184175035223557
1751,0.183980350399901
1752,0.185135975224638
1753,0.185007996073313
1754,0.18607921917952
1755,0.183999094969158
1756,0.185366451445153
1757,0.185756969873978
1758,0.184001196398428
1759,0.184994350964216
1760,0.183833135661236
1761,0.182151268025334
1762,0.178428110483972
1763,0.180702687369379
1764,0.181010791318315
1765,0.181168232034966
1766,0.181892015226432
1767,0.180561013061421
1768,0.180011230802611
1769,0.180939425719075
1770,0.179076814445024
1771,0.178520814415166
1772,0.180078690547759
1773,0.179997828912204
1774,0.179985272576959
1775,0.177749300205279
1776,0.176610096110283
1777,0.173289087442678
1778,0.173853150794277
1779,0.176052715738628
1780,0.175009978306012
1781,0.176881214452725
1782,0.174721312065822
1783,0.173990951567799
1784,0.174071363015368
1785,0.172750835301464
1786,0.17387008295879
1787,0.175000956899016
1788,0.174991379531166
1789,0.173881274268016
1790,0.172895012359403
1791,0.172974217733713
1792,0.171920794206457
1793,0.172097129648011
1794,0.171007333779027
1795,0.171000066524773
1796,0.171013418265466
1797,0.170021649375343
1798,0.169942789439707
1799,0.170954687490839
1800,0.169551452710957
1801,0.168129805378833
1802,0.166494069955598
1803,0.165646300067731
1804,0.168844760996076
1805,0.168140002923954
1806,0.167069700178736
1807,0.167025510135646
1808,0.166994540568974
1809,0.166996005724527
1810,0.16593166241907
1811,0.166041016117296
1812,0.165024636460474
1813,0.165042880253517
1814,0.162972356504066
1815,0.160982795170221
1816,0.15866492125227
1817,0.151661101467049
1818,0.146811349600554
1819,0.153020471247597
1820,0.157457761269579
1821,0.158445255488329
1822,0.156386857417714
1823,0.157585540454508
1824,0.161169134891815
1825,0.160996766572934
1826,0.160999811348171
1827,0.161013044610061
1828,0.160007975458588
1829,0.158067530058154
1830,0.160196571586635
1831,0.159974878189655
1832,0.158492100959972
1833,0.155720748693301
1834,0.158346065399074
1835,0.157901130853623
1836,0.158013416277912
1837,0.157372713072219
1838,0.155751695258346
1839,0.15696284460443
1840,0.156002188054477
1841,0.157087646903722
1842,0.152745188880952
1843,0.151974612716512
1844,0.154001992419712
1845,0.15500526502672
1846,0.155340711031962
1847,0.149207892640109
1848,0.151177762412112
1849,0.154155021617192
1850,0.154605174362485
1851,0.155115088198143
1852,0.153675019591059
1853,0.150928116724592
1854,0.152314458028791
1855,0.15170011325389
1856,0.148999480405168
1857,0.151965574738069
1858,0.152070818416261
1859,0.150397462861203
1860,0.148689133043506
1861,0.147813691851978
1862,0.148577150778002
1863,0.149188993295549
1864,0.148947402741174
1865,0.148006751973554
1866,0.146060692873951
1867,0.145107965566668
1868,0.145779977701719
1869,0.147213599132264
1870,0.147137610582473
1871,0.145767328844425
1872,0.142810397476057
1873,0.141029939228745
1874,0.138385579473198
1875,0.124377259119671
1876,0.121582936004782
1877,0.136425554815339
1878,0.14111469753586
1879,0.142000780732044
1880,0.141866786610446
1881,0.1437813475622
1882,0.144105977859805
1883,0.143026828654883
1884,0.143032323759485
1885,0.142031685851505
1886,0.139798190783065
1887,0.142288537215128
1888,0.143099338994401
1889,0.141946039760157
1890,0.138999626371948
1891,0.139140550887673
1892,0.138832224280727
1893,0.136288832548708
1894,0.138045088659909
1895,0.138084244879921
1896,0.135087765891926
1897,0.135604744963461
1898,0.139004799001036
1899,0.137998760705662
1900,0.137832228052095
1901,0.140064826485781
1902,0.140063304581902
1903,0.137843129270099
1904,0.137018577880501
1905,0.138067018339543
1906,0.138367137673055
1907,0.137962703895841
1908,0.136978002639021
1909,0.137680845630963
1910,0.138075904475403
1911,0.135844535520618
1912,0.135017779045916
1913,0.136711254765022
1914,0.1369858530908
1915,0.135962946212798
1916,0.136106980621114
1917,0.136227557444707
1918,0.135018068830562
1919,0.134097892618999
1920,0.132326480298638
1921,0.134423925618877
1922,0.135014937968531
1923,0.133130799413008
1924,0.132894786359201
1925,0.133980366362265
1926,0.134060130633047
1927,0.13239841368638
1928,0.130720175908973
1929,0.12996693645444
1930,0.129445039825164
1931,0.128774106762535
1932,0.128986744833815
1933,0.129102627882637
1934,0.130531521413457
1935,0.130007303893462
1936,0.129899215757821
1937,0.130952454864014
1938,0.129960724637798
1939,0.126144332963186
1940,0.126282228471563
1941,0.128996786151971
1942,0.127388565365914
1943,0.123317316232878
1944,0.117086936156841
1945,0.112161121097213
1946,0.11575637181366
1947,0.122749928272648
1948,0.124958277261241
1949,0.124897503628351
1950,0.124341888266111
1951,0.122031835251559
1952,0.12209414411158
1953,0.126713721426009
1954,0.12701156845147
1955,0.127048324011554
1956,0.126026074137575
1957,0.125999792576595
1958,0.126006959266423
1959,0.125670053253275
1960,0.12500364894452
1961,0.124442804524606
1962,0.123743737758715
1963,0.12211685245081
1964,0.121346063901746
1965,0.121954730741514
1966,0.121907369365606
1967,0.123039627702247
1968,0.124173868075663
1969,0.123025107241535
1970,0.122999791329425
1971,0.123049299009833
1972,0.119989021681393
1973,0.118373016720791
1974,0.121123761184625
1975,0.121748095352466
1976,0.121998616008205
1977,0.121270242402205
1978,0.11793066608633
1979,0.11793622926271
1980,0.119487720931383
1981,0.119986129951243
1982,0.120114173444216
1983,0.120024972643805
1984,0.118900274836286
1985,0.117942364549111
1986,0.116086398826244
1987,0.118024342627739
1988,0.119891418796591
1989,0.120080517828052
1990,0.118973692603177
1991,0.119091913463892
1992,0.118019889955823
1993,0.115522887117993
1994,0.115976370656136
1995,0.117546419017705
1996,0.117010027607738
1997,0.115430647401694
1998,0.115996733249735
1999,0.116505374910376
2000,0.117
2001,0.116971559285669
2002,0.116002276985811
2003,0.115016436455554
2004,0.114983165180133
2005,0.115009111072615
2006,0.114998130473068
2007,0.115434456196168
2008,0.116039652560099
2009,0.115029430703646
2010,0.115000511096027
2011,0.114998509723242
2012,0.114978340359931
2013,0.113897041060079
2014,0.113996243268536
2015,0.114000367787543
2016,0.114007564675032
2017,0.113890100042727
2018,0.113021306963227
2019,0.113007674720508
2020,0.111494825383413
2021,0.109991919773001
2022,0.110300752568823
2023,0.112028268358848
2024,0.111741867246746
2025,0.111015643142812
2026,0.110999791931934
2027,0.111008273703561
2028,0.110975805905977
2029,0.109544756267997
2030,0.108082556938835
2031,0.108298271098284
2032,0.109758980044975
2033,0.109999349293192
2034,0.109513516707075
2035,0.107999169512789
2036,0.108404692726698
2037,0.109130991538372
2038,0.105951157397239
2039,0.105808971942602
2040,0.109017834903109
2041,0.107897610517844
2042,0.107997722218617
2043,0.10800012842249
2044,0.108000047325617
2045,0.107999917277878
2046,0.107976481442769
2047,0.107162770657071
2048,0.106994024127955
2049,0.107000068752866
2050,0.107001989997142
2051,0.106703362508162
2052,0.106122244262114
2053,0.104996378284911
2054,0.106107224373509
2055,0.106002630101049
2056,0.106002672962638
2057,0.106105239800222
2058,0.104983580357365
2059,0.104990474915542
2060,0.104456463685989
2061,0.103000408401237
2062,0.104160368712212
2063,0.102183741680008
2064,0.10099684202406
2065,0.103435714342406
2066,0.103985147086174
2067,0.104013534431475
2068,0.102898751710571
2069,0.103091875708135
2070,0.102026655700371
2071,0.100806490308627
2072,0.102043875797392
2073,0.102051401267085
2074,0.102977084115329
2075,0.103099986675186
2076,0.102007020167014
2077,0.102007591989994
2078,0.102103769202423
2079,0.100998407612485
2080,0.0998310880520868
2081,0.101083551725462
2082,0.101039568073285
2083,0.0996411947567983
2084,0.0992514609726523
2085,0.0999908348174222
2086,0.100000316190589
2087,0.0999998587836415
2088,0.0999972649460091
2089,0.0998988247706748
2090,0.0997084071938836
2091,0.0989067153808938
2092,0.0971156737679082
2093,0.0969571304254867
2094,0.0978076311017261
2095,0.097237727383466
2096,0.0974010546818435
2097,0.097853345290472
2098,0.097859178456491
2099,0.0978706927660937
2100,0.0974916239425311
2101,0.0976768318582158
2102,0.0973870621153421
2103,0.0971013096439362
2104,0.0970337632405291
2105,0.0974004997542438
2106,0.0973395363138747
2107,0.0971075149335253
2108,0.0967665521952889
2109,0.0955696221991765
2110,0.0953410249332502
2111,0.0959564511732036
2112,0.0959841275489339
2113,0.0957537394475186
2114,0.0956954853316569
2115,0.095516720684781
2116,0.094234884342718
2117,0.0939662318899875
2118,0.0944928905858716
2119,0.0941536283051219
2120,0.0938979728778207
2121,0.0938674342927572
2122,0.0939069816659305
2123,0.0934955709687794
2124,0.0927938508801459
2125,0.093023863622656
2126,0.0930519352464213
2127,0.092946717390944
2128,0.0933141868628603
2129,0.0931099693918487
2130,0.0930013945708747
2131,0.0930327163352838
2132,0.0930452305197417
2133,0.0927455387543941
2134,0.0926007720999368
2135,0.0911960669118411
2136,0.0908696582077715
2137,0.0914396176694561
2138,0.0920381792038774
2139,0.0917080033720492
2140,0.0915912301829546
2141,0.0915931143891777
2142,0.0913644142314188
2143,0.0910255584134357
2144,0.0907370902174703
2145,0.0902015940521708
2146,0.0899195573571541
2147,0.0900457273866255
2148,0.0904223696648173
2149,0.0902311645793582
2150,0.0900083634435671
2151,0.0899000360439797
2152,0.0894680664264157
2153,0.0892408425552517
2154,0.089038035428567
2155,0.089019436097847
2156,0.0890313437182019
2157,0.088806964427326
2158,0.0885936593646739
2159,0.0882735321549349
2160,0.0879655134966566
2161,0.0874823499366283
2162,0.0870063435528301
2163,0.0862789322896132
2164,0.0849777248582043
2165,0.0809446216596501
2166,0.078025309245481
2167,0.0793210404673857
2168,0.0834612033350958
2169,0.0848947777454596
2170,0.085655890067542
2171,0.0858042798635626
2172,0.0858952107201438
2173,0.0858072923658915
2174,0.08589061618505
2175,0.08578582592581
2176,0.0852212171599422
2177,0.0852002046783462
2178,0.0839909768121331
2179,0.0841033041016638
2180,0.0852635388882663
2181,0.0853276055217892
2182,0.084194655304732
2183,0.0839858762225981
2184,0.0848920278892514
2185,0.0848216718774008
2186,0.0848647623894168
2187,0.0843731082032843
2188,0.0827061686896293
2189,0.0822511635624832
2190,0.0834350428468583
2191,0.0836779693902781
2192,0.0840043800836662
2193,0.0837957211952715
2194,0.0836950165726534
2195,0.08349680043421
2196,0.0833647742851608
2197,0.0832712709317979
2198,0.0832098866005952
2199,0.0830502118110609
2200,0.0828454751268617
2201,0.0826411786763001
2202,0.0824942208375196
2203,0.0824969385154215
2204,0.0824160190143987
2205,0.0814281582835
2206,0.0795747234992497
2207,0.0789888648829999
2208,0.079404777731192
2209,0.080507301406856
2210,0.0808525521874531
2211,0.0813748166056843
2212,0.0812875269425551
2213,0.0810706208368991
2214,0.0809809396932
2215,0.0807554954161518
2216,0.0800652243722768
2217,0.0797538156271323
2218,0.0799182263287404
2219,0.0802557847326374
2220,0.0802714815535303
2221,0.0800391133367511
2222,0.0799582688986099
2223,0.0798156656842344
2224,0.0795933411585217
2225,0.0791172596306998
2226,0.0783726521692422
2227,0.0781201178780422
2228,0.0787381226719284
2229,0.0787260243302391
2230,0.0787093865797215
2231,0.0785229198946362
2232,0.0785764886220344
2233,0.0786089518359828
2234,0.0784985283972378
2235,0.0782403293726638
2236,0.0781453254988521
2237,0.0777939935092658
2238,0.0769302913720633
2239,0.0765409285437987
2240,0.0769721391480111
2241,0.0772073392685966
2242,0.0770390622833039
2243,0.0767218790052245
2244,0.0768408768315738
2245,0.0768957263549729
2246,0.0768683334734034
2247,0.0761857919410427
2248,0.0759488817130907
2249,0.0758874638204715
2250,0.0761542353499746
2251,0.0760570917757431
2252,0.0758354238606869
2253,0.0753853037208894
2254,0.0748258775538163
2255,0.0744747641088064
2256,0.0750762613231248
2257,0.0751403287803878
2258,0.07511193255664
2259,0.0751706568995742
2260,0.0750665206880634
2261,0.0745978552272602
2262,0.0736815980676544
2263,0.0736006115765001
2264,0.0741094186779273
2265,0.0740001311424175
2266,0.0738072892230378
2267,0.0740844310963642
2268,0.0740103953073783
2269,0.0739254579763529
2270,0.0736573352930806
2271,0.0735052536962263
2272,0.0733687955362191
2273,0.0735941812730198
2274,0.0731347395412867
2275,0.0729569576251963
2276,0.0729624626118882
2277,0.0731007022079971
2278,0.0729945968569562
2279,0.0728883730729626
2280,0.0723681718392742
2281,0.0709116842402519
2282,0.0706092311956831
2283,0.0714160640493569
2284,0.0718058669464869
2285,0.0716907057863557
2286,0.071686045863759
2287,0.0717659161219665
2288,0.0717120871677586
2289,0.0715949238677642
2290,0.0714795846544017
2291,0.0712952332714727
2292,0.0712006754274286
2293,0.0702361933824479
2294,0.069564288823797
2295,0.0693119282747824
2296,0.0693159806935467
2297,0.0691888258059747
2298,0.0694335095983163
2299,0.069821638284071
2300,0.0698955734978487
2301,0.0698009422970823
2302,0.0698028953978078
2303,0.0697022486378786
2304,0.0695190724612981
2305,0.0695161285357594
2306,0.0694494840956049
2307,0.0693998247263282
2308,0.0691644569278439
2309,0.0689969893415496
2310,0.068900287481384
2311,0.0688989289969966
2312,0.068821129405363
2313,0.068755734142325
2314,0.0683959326358557
2315,0.0681762226450822
2316,0.0678806828158925
2317,0.0678839809206293
2318,0.0675929764396207
2319,0.0677076083456056
2320,0.0678289095049726
2321,0.0680314470592692
2322,0.0667317153129118
2323,0.0658014358732758
2324,0.065309336405777
2325,0.0656999960084186
2326,0.0657651891120889
2327,0.0661100533219469
2328,0.0665250283180073
2329,0.0664806683352656
2330,0.0662958833770962
2331,0.0662009111955998
2332,0.0660903076693022
2333,0.0660509516022566
2334,0.0659189461198689
2335,0.0655689515174667
2336,0.065482787161345
2337,0.065798926976093
2338,0.0651216001060319
2339,0.0650368008204091
2340,0.0653513215139495
2341,0.0657047268605769
2342,0.0655951638876747
2343,0.0655038520395783
2344,0.0653210469478179
2345,0.0651315492329804
2346,0.0651110622031442
2347,0.0649892064312479
2348,0.064995912403159
2349,0.0648965314869992
2350,0.0648476974735827
2351,0.0642368189464476
2352,0.0630249400677999
2353,0.0623786524118885
2354,0.0624680738366664
2355,0.0629809330642234
2356,0.0630157817729185
2357,0.0627968451459611
2358,0.062804723022158
2359,0.0630844558069525
2360,0.0631903327093999
2361,0.0632594605745325
2362,0.0632022839012354
2363,0.0631951980033151
2364,0.0630069923746135
2365,0.0630118685664599
2366,0.0628877648613583
2367,0.062883316212005
2368,0.0626983121290056
2369,0.0623515734378813
2370,0.0621930979989374
2371,0.0621460975111788
2372,0.0622995416351954
2373,0.0613476980949364
2374,0.0608098211679365
2375,0.060790386941212
2376,0.0617498217203911
2377,0.0619997058731715
2378,0.0619168278352419
2379,0.0618558924253735
2380,0.061683478172575
2381,0.0617973868175348
2382,0.0608135801842387
2383,0.0598605465322277
2384,0.0586980728508337
2385,0.0590025717822516
2386,0.0590539361572051
2387,0.0596146288190717
2388,0.0599459160416271
2389,0.0602995570637466
2390,0.0603006773995939
2391,0.0603183881129171
2392,0.0600383275180326
2393,0.0599903080993619
2394,0.0598926924521944
2395,0.060023018649379
2396,0.0599473982689609
2397,0.0598090924181686
2398,0.0598221101136974
2399,0.0595607693564241
2400,0.0594109791217642
