"","V1","V2","V3","V4","V5","V6","V7","V8","V9","V10","V11","V12","V13"
"ah2o",0,0,-0.000757000001613051,-0.00346200005151331,-0.0137120001018047,-0.01297099981457,-0.00399800017476082,-0.0281639993190765,-0.000384999992093071,-0.680922985076904,-3.00170111656189,-0.000630999973509461,-0.0175630003213882
"nh2o",0,0,0.901893019676208,0.768630981445312,0.767937004566193,0.788635015487671,0.75618702173233,0.585874021053314,0.910820007324219,0.475015997886658,0.424001008272171,0.949862003326416,0.659148991107941
"ao3",-0.00265599996782839,-0.0272659994661808,-0.0987379997968674,-0.049991998821497,-0.0204460006207228,-0.0108669996261597,0,0,0,0,0,0,0
"no3",0.999893009662628,0.995324015617371,0.998703002929688,0.998946011066437,0.99992698431015,1,0,0,0,0,0,0,0
"ao2",0,0,0,0,0,0,-0.000134000001708046,0,-2.99999992421363e-05,0,0,0,0
"no2",0,0,0,0,0,0,0.961538970470428,0,0.994903028011322,0,0,0,0
"po2",0,0,0,0,0,0,2.87641501426697,0,2.75943803787231,0,0,0,0
"aco2",0,0,0,0,0,0,0,0,0,0,0,-0.01626200042665,-0.000136999995447695
"nco2",0,0,0,0,0,0,0,0,0,0,0,0.738484978675842,0.94556599855423
"pco2",0,0,0,0,0,0,0,0,0,0,0,1.35854697227478,1.71105802059174
"ach4",0,0,0,0,0,0,0,0,0,0,0,-0.00388700002804399,-0.0207080002874136
"nch4",0,0,0,0,0,0,0,0,0,0,0,0.87151700258255,0.807874023914337
"pch4",0,0,0,0,0,0,0,0,0,0,0,1.1333019733429,1.2124969959259
"ano2",0,0,0,0,0,0,0,0,0,0,0,0,-0.00172299996484071
"nno2",0,0,0,0,0,0,0,0,0,0,0,0,0.943805992603302
"pno2",0,0,0,0,0,0,0,0,0,0,0,0,1.0328780412674
"aco",0,0,0,0,0,0,0,0,0,0,0,0,0
"nco",0,0,0,0,0,0,0,0,0,0,0,0,0
"pco",0,0,0,0,0,0,0,0,0,0,0,0,0
"a0s",0.0897919982671738,0.0661640018224716,0.0445629991590977,0.0253110006451607,0.0207940004765987,0.0175289995968342,0.0144009999930859,0.0116079999133945,0.00990200042724609,0.00767400022596121,0.00209899991750717,0.000946999993175268,1.59999999596039e-05
"a1s",0.161645993590355,0.188676998019218,0.202436000108719,0.20508299767971,0.199341997504234,0.191277995705605,0.18181100487709,0.170964002609253,0.164075002074242,0.149188995361328,0.0958999991416931,0.0753699988126755,0.0396329984068871
"a2s",-0.0677369982004166,-0.0746719986200333,-0.0781079977750778,-0.0787409991025925,-0.0766389966011047,-0.0738240033388138,-0.070093996822834,-0.0654599964618683,-0.0624510012567043,-0.0561369992792606,-0.0327670015394688,-0.0238799992948771,-0.00964900013059378
"a3s",0.0790190026164055,0.0538709983229637,0.0349580012261868,0.018580999225378,0.0150389997288585,0.0126820001751184,0.0105189997702837,0.00865800026804209,0.00755500001832843,0.00576699990779161,0.00175399996805936,0.000983000034466386,0.000218000001041219
"a0T",1.10040199756622,1.11193096637726,1.10862994194031,1.09811401367188,1.09296894073486,1.08825302124023,1.08284902572632,1.07684195041656,1.0728839635849,1.06748199462891,1.04236197471619,1.03195905685425,1.01729595661163
"a1T",-0.222883000969887,-0.218353003263474,-0.209645003080368,-0.187508001923561,-0.181147992610931,-0.176063999533653,-0.170337006449699,-0.16389699280262,-0.159788995981216,-0.151171997189522,-0.113053999841213,-0.0945869982242584,-0.0519380010664463
"a2T",-0.182006999850273,-0.125174999237061,-0.0822729989886284,-0.0449910014867783,-0.036651998758316,-0.0318120010197163,-0.0263800006359816,-0.0206809993833303,-0.0168529991060495,-0.0145669998601079,-0.00484299985691905,-0.00167699996381998,-0.000852999975904822
"a3T",-0.265424996614456,-0.250030010938644,-0.222334995865822,-0.187552005052567,-0.175273001194,-0.165363997220993,-0.154150992631912,-0.14190299808979,-0.133853003382683,-0.123393997550011,-0.0760949999094009,-0.0569319985806942,-0.0303649995476007
"taur",0.234485000371933,0.151087000966072,0.0909660011529922,0.0453500002622604,0.0358409993350506,0.0292509999126196,0.0233789999037981,0.0184760000556707,0.0156020000576973,0.0109259998425841,0.00243299989961088,0.00127999996766448,0.000371000001905486
"sr",0.234485000371933,0.151087000966072,0.0909660011529922,0.0453500002622604,0.0358409993350506,0.0292509999126196,0.0233789999037981,0.0184760000556707,0.0156020000576973,0.0109259998425841,0.00243299989961088,0.00127999996766448,0.000371000001905486
"a0taup",2.22044604925031e-16,5.55111512312578e-17,2.74999990779179e-07,3.00000010611257e-07,-2.24999993747588e-07,2.24999993747588e-07,-1.0000000116861e-07,5.00000005843049e-08,-3.75000013264071e-07,1.24999999684405e-07,-2.00000002337219e-07,2.00000002337219e-07,-2.00000002337219e-07
"a1taup",1.25958704948425,1.12358903884888,0.979533970355988,0.800750017166138,0.746402025222778,0.699598014354706,0.651328980922699,0.602716982364655,0.572722017765045,0.513397991657257,0.32378301024437,0.260475009679794,0.156650006771088
"wo",0.900259017944336,0.898711979389191,0.89146101474762,0.884339988231659,0.877709984779358,0.868700981140137,0.858868002891541,0.84851998090744,0.84144401550293,0.82684201002121,0.768022000789642,0.752593994140625,0.761528015136719
"gc",0.642989993095398,0.639671981334686,0.636605024337769,0.631870985031128,0.630738973617554,0.631076991558075,0.631470024585724,0.631986021995544,0.63229101896286,0.633799016475677,0.64190399646759,0.655261993408203,0.733603000640869
"a0P",6.73858070373535,6.75779104232788,6.76027202606201,6.74578094482422,6.72062492370605,6.67412710189819,6.62412595748901,6.5664701461792,6.53276920318604,6.3914475440979,5.80968046188354,5.49187231063843,4.5977725982666
"a1P",-0.189965978264809,-0.189867734909058,-0.189092695713043,-0.187558725476265,-0.186347112059593,-0.184465557336807,-0.18244457244873,-0.180167719721794,-0.178814560174942,-0.173867762088776,-0.153523609042168,-0.14528551697731,-0.129000410437584
"a2P",0.00208293576724827,0.0020744118373841,0.00205592554993927,0.00202715420164168,0.00200823997147381,0.001980657922104,0.00195106060709804,0.00191818561870605,0.00189845368731767,0.00183264724910259,0.00156210106797516,0.00147761846892536,0.00139359582681209
"a3P",-1.02918402262731e-05,-1.02065705505083e-05,-1.00569586720667e-05,-9.85140559350839e-06,-9.72747784544481e-06,-9.55256928136805e-06,-9.3649923655903e-06,-9.15866075956728e-06,-9.03394266060786e-06,-8.64622143126326e-06,-7.05232969266945e-06,-6.64881508782855e-06,-6.6654097281571e-06
"a4P",1.94325124880379e-08,1.91785698433478e-08,1.87688122821328e-08,1.82571664453235e-08,1.79629040530926e-08,1.75565340043704e-08,1.71207918953087e-08,1.66451989969119e-08,1.63559388255408e-08,1.55125459144756e-08,1.20460423858049e-08,1.12820686126724e-08,1.19615322091704e-08
"Rest1",-0.0143569996580482,-0.00908400025218725,-0.00451799994334579,-0.00155599997378886,-0.00103399995714426,-0.000614000018686056,-0.000345999986166134,-0.000199999994947575,-0.000146000005770475,0.000262999994447455,0.000182999996468425,-8.29999989946373e-05,-0.000184000004082918
"Rest2",-0.0306090004742146,-0.0244239997118711,-0.0169399995356798,-0.00966999959200621,-0.00788700021803379,-0.0066249999217689,-0.00540299993008375,-0.00432900013402104,-0.00360599998384714,-0.00271599995903671,-0.000623999978415668,-0.000315999990561977,-0.000395000010030344
"Rest3",-0.0203159991651773,-0.0191789995878935,-0.0159089993685484,-0.0110259996727109,-0.00957500003278255,-0.00853000022470951,-0.00743000023066998,-0.00642200000584126,-0.00562800001353025,-0.00449200021103024,-0.00124000001233071,-0.000662999984342605,-0.00130999996326864
"Rest4",-0.00271499995142221,-0.00318200001493096,-0.00342099997214973,-0.00323299993760884,-0.00310799991711974,-0.00303400005213916,-0.00289999996311963,-0.00274799996986985,-0.00254300003871322,-0.00258200010284781,-0.00175799999851733,-0.000714999972842634,0.00232700002379715
"Resr1",-0.00847200024873018,-0.00309800007380545,-0.000954999995883554,-0.000199000001884997,-0.000117000003228895,-7.999999797903e-05,-4.8999998398358e-05,-2.70000000455184e-05,-1.80000006366754e-05,-1.29999998534913e-05,9.99999997475243e-07,-3.60000012733508e-05,-1.49999996210681e-05
"Resr2",0.0123410001397133,0.000326999987009913,-0.00441200006753206,-0.00465200003236532,-0.00427199993282557,-0.00388800003565848,-0.00353000010363758,-0.00316100008785725,-0.00271999998949468,-0.00222399993799627,-0.00140299997292459,-0.0207529999315739,-0.0294259991496801
"Resr3",0.0195940006524324,0.022817000746727,0.024957999587059,0.0264170002192259,0.0264989994466305,0.0280729997903109,0.0294039994478226,0.0296700000762939,0.0268409997224808,0.0309239998459816,0.0836139991879463,4.8784441947937,23.1325397491455
"Resa1",-0.0112229995429516,-0.010181000456214,-0.00863699987530708,-0.00678700022399426,-0.00605100020766258,-0.00531999999657273,-0.00461200019344687,-0.00394200021401048,-0.00355100003071129,-0.00275300000794232,-0.000878999999258667,-0.000459000002592802,-3.9999998989515e-05
"Resa2",-0.0357099995017052,-0.0364979989826679,-0.0361649990081787,-0.0353320017457008,-0.0342729985713959,-0.0327269993722439,-0.0311110001057386,-0.0293850004673004,-0.0283589996397495,-0.0251909997314215,-0.0151399997994304,-0.0113249998539686,-0.00468399981036782
"Resa3",-0.0279089994728565,-0.0323720015585423,-0.0369970016181469,-0.0446930006146431,-0.0464180000126362,-0.0471189990639687,-0.0478670001029968,-0.0485740005970001,-0.0490619987249374,-0.0483479984104633,-0.0433459989726543,-0.0392669998109341,-0.0345880016684532
"Resa4",-0.00683100009337068,-0.00892600044608116,-0.0118150003254414,-0.0176049992442131,-0.0197219997644424,-0.0215380005538464,-0.023700000718236,-0.0262119993567467,-0.0279959999024868,-0.0312709994614124,-0.0471349991858006,-0.0559229999780655,-0.100777998566628
