"band1","band2","band3","band4","band5","band6","band7","band8","band9","band10","band11","band12","band13","band14","band15","band16","band17","band18","band19","band20","band21"
673.243469238281,699.581970214844,745.894165039063,755.932250976563,758.440124511719,762.196716308594,767.205383300781,851.048156738281,874.806274414063,889.812866210938,387.849151611328,924.860656738281,995.021545410156,402.601287841797,433.659820556641,480.996002197266,500.983612060547,550.970092773438,610.899108886719,655.730285644531,665.726013183594
673.324096679688,699.677124023438,745.974060058594,755.987243652344,758.502685546875,762.253112792969,767.324523925781,851.196899414063,874.903381347656,889.908386230469,387.967193603516,925.007751464844,995.265808105469,402.695281982422,433.754821777344,481.091186523438,501.079406738281,551.065246582031,610.995422363281,655.820556640625,665.807983398438
673.404846191406,699.773376464844,746.056457519531,756.045837402344,758.565551757813,762.310485839844,767.445129394531,851.340393066406,875.000671386719,890.005493164063,388.08544921875,925.152038574219,995.509948730469,402.788055419922,433.848999023438,481.185363769531,501.173095703125,551.158813476563,611.085021972656,655.91748046875,665.888793945313
673.488586425781,699.862854003906,746.139343261719,756.098510742188,758.6279296875,762.363891601563,767.564270019531,851.485290527344,875.091674804688,890.095947265625,388.203857421875,925.295349121094,995.754028320313,402.882873535156,433.943511962891,481.280090332031,501.267303466797,551.25244140625,611.181945800781,656.014282226563,665.971130371094
673.569458007813,699.962219238281,746.219299316406,756.158996582031,758.69140625,762.42431640625,767.684753417969,851.632080078125,875.18603515625,890.19189453125,388.321990966797,925.438049316406,995.997985839844,402.976654052734,434.035766601563,481.372833251953,501.360290527344,551.346862792969,611.277648925781,656.102844238281,666.053100585938
673.650329589844,700.054016113281,746.302001953125,756.212524414063,758.754211425781,762.478271484375,767.803649902344,851.772705078125,875.2802734375,890.286254882813,388.440124511719,925.582763671875,996.241577148438,403.070587158203,434.130798339844,481.467987060547,501.456085205078,551.442199707031,611.368103027344,656.200317382813,666.133972167969
673.733703613281,700.148498535156,746.384033203125,756.271667480469,758.816833496094,762.537170410156,767.922912597656,851.9208984375,875.375061035156,890.379638671875,388.558197021484,925.729858398438,996.484436035156,403.163482666016,434.224975585938,481.561981201172,501.549865722656,551.535827636719,611.464233398438,656.2939453125,666.216430664063
673.814880371094,700.245300292969,746.464660644531,756.325988769531,758.879333496094,762.590270996094,768.042724609375,852.0595703125,875.471740722656,890.475280761719,388.67626953125,925.874084472656,996.729064941406,403.257995605469,434.319671630859,481.656982421875,501.644012451172,551.62939453125,611.557495117188,656.388793945313,666.298461914063
673.895690917969,700.336364746094,746.547546386719,756.383911132813,758.942749023438,762.649230957031,768.160766601563,852.208068847656,875.560363769531,890.56689453125,388.794464111328,926.020446777344,996.973754882813,403.351989746094,434.411834716797,481.749603271484,501.737152099609,551.723876953125,611.651000976563,656.483764648438,666.379333496094
673.97900390625,700.432006835938,746.628601074219,756.440551757813,759.005615234375,762.704772949219,768.281005859375,852.352783203125,875.6572265625,890.66259765625,388.912353515625,926.164001464844,997.218688964844,403.446014404297,434.506927490234,481.844665527344,501.832672119141,551.819152832031,611.7470703125,656.574096679688,666.461669921875
674.06005859375,700.52783203125,746.7099609375,756.496643066406,759.067993164063,762.762512207031,768.398864746094,852.49658203125,875.754211425781,890.759399414063,389.030029296875,926.306274414063,997.463623046875,403.538818359375,434.601043701172,481.938812255859,501.926635742188,551.912841796875,611.836975097656,656.670959472656,666.543762207031
674.141296386719,700.617919921875,746.793151855469,756.554565429688,759.130737304688,762.818542480469,768.519775390625,852.643859863281,875.845703125,890.849975585938,389.148132324219,926.450927734375,997.708251953125,403.633331298828,434.695678710938,482.033660888672,502.020782470703,552.00634765625,611.933837890625,656.768127441406,666.62451171875
674.224060058594,700.716674804688,746.873352050781,756.608215332031,759.193908691406,762.873657226563,768.636779785156,852.783569335938,875.939880371094,890.945922851563,389.266326904297,926.594848632813,997.952514648438,403.727325439453,434.787872314453,482.126342773438,502.113983154297,552.100830078125,612.029602050781,656.856689453125,666.707275390625
674.305297851563,700.808776855469,746.955383300781,756.668151855469,759.257019042969,762.933227539063,768.757446289063,852.931457519531,876.033935546875,891.039916992188,389.38427734375,926.742858886719,998.19677734375,403.821350097656,434.882965087891,482.221343994141,502.209350585938,552.196044921875,612.119995117188,656.953979492188,666.788757324219
674.387023925781,700.903015136719,747.03857421875,756.721740722656,759.319274902344,762.987548828125,768.874084472656,853.072998046875,876.128967285156,891.1337890625,389.50244140625,926.8876953125,998.440185546875,403.914154052734,434.977020263672,482.315612792969,502.303405761719,552.289978027344,612.216186523438,657.047180175781,666.869201660156
674.469421386719,700.999877929688,747.1181640625,756.781066894531,759.38232421875,763.046203613281,768.99609375,853.219604492188,876.225952148438,891.229675292969,389.620849609375,927.032592773438,998.682434082031,404.008728027344,435.071716308594,482.410400390625,502.3974609375,552.38330078125,612.309387207031,657.142822265625,666.952575683594
674.550354003906,701.090637207031,747.200622558594,756.83447265625,759.445068359375,763.098571777344,769.112365722656,853.365051269531,876.314270019531,891.321166992188,389.739379882813,927.175476074219,998.926635742188,404.102722167969,435.163879394531,482.503204345703,502.490783691406,552.477844238281,612.403198242188,657.237243652344,667.03369140625
674.632690429688,701.186889648438,747.28369140625,756.89404296875,759.508483886719,763.15869140625,769.234985351563,853.507751464844,876.411010742188,891.416687011719,389.857971191406,927.318054199219,999.168823242188,404.196655273438,435.258972167969,482.598052978516,502.586120605469,552.573120117188,612.498779296875,657.327758789063,667.11376953125
674.71484375,701.282104492188,747.363159179688,756.948913574219,759.570495605469,763.213195800781,769.35205078125,853.655212402344,876.5078125,891.513122558594,389.975921630859,927.464599609375,999.4150390625,404.289581298828,435.353088378906,482.692291259766,502.680206298828,552.666931152344,612.588806152344,657.424438476563,667.197814941406
674.79541015625,701.372741699219,747.445983886719,757.006164550781,759.6337890625,763.271850585938,769.473571777344,853.794067382813,876.599853515625,891.604248046875,390.094116210938,927.608459472656,999.661193847656,404.384033203125,435.447845458984,482.787109375,502.774291992188,552.760375976563,612.685729980469,657.521728515625,667.278869628906
674.878295898438,701.471374511719,747.529174804688,757.062683105469,759.696533203125,763.326416015625,769.591552734375,853.9423828125,876.694030761719,891.700012207031,390.21240234375,927.756042480469,999.907165527344,404.47802734375,435.539947509766,482.880004882813,502.867553710938,552.854919433594,612.781433105469,657.610473632813,667.358520507813
674.960327148438,701.563171386719,747.6083984375,757.117980957031,759.759887695313,763.383056640625,769.712829589844,854.085693359375,876.787475585938,891.793579101563,390.330627441406,927.900634765625,1000.15270996094,404.572052001953,435.634887695313,482.974792480469,502.962799072266,552.950012207031,612.871887207031,657.707763671875,667.443298339844
675.040466308594,701.65771484375,747.691650390625,757.177124023438,759.82177734375,763.44140625,769.831359863281,854.231140136719,876.882629394531,891.887756347656,390.448669433594,928.044006347656,1000.39819335938,404.6650390625,435.729125976563,483.069091796875,503.057067871094,553.044067382813,612.968200683594,657.800476074219,667.524047851563
675.123596191406,701.754455566406,747.774536132813,757.231323242188,759.885314941406,763.496948242188,769.952697753906,854.377014160156,876.980163574219,891.983764648438,390.566741943359,928.186889648438,1000.64404296875,404.75927734375,435.823883056641,483.163848876953,503.151123046875,553.137390136719,613.061401367188,657.896606445313,667.603698730469
675.205627441406,701.844909667969,747.853515625,757.290283203125,759.947692871094,763.554870605469,770.0712890625,854.518737792969,877.068542480469,892.075256347656,390.684997558594,928.330688476563,1000.88989257813,404.853332519531,435.915954589844,483.256744384766,503.244506835938,553.23193359375,613.1552734375,657.991027832031,667.688415527344
675.285400390625,701.941711425781,747.937133789063,757.343078613281,760.011413574219,763.607055664063,770.192321777344,854.666442871094,877.164611816406,892.170715332031,390.803283691406,928.477966308594,1001.1357421875,404.947357177734,436.010925292969,483.351531982422,503.339569091797,553.326904296875,613.250549316406,658.081420898438,667.769287109375
675.368957519531,702.036499023438,748.01953125,757.403442382813,760.072875976563,763.668090820313,770.310852050781,854.8046875,877.261413574219,892.266967773438,390.921447753906,928.621887207031,1001.38146972656,405.040496826172,436.105133056641,483.445831298828,503.433837890625,553.421142578125,613.340942382813,658.177978515625,667.848693847656
675.450988769531,702.127624511719,748.098693847656,757.457458496094,760.136840820313,763.722290039063,770.430603027344,854.9541015625,877.35400390625,892.3583984375,391.039367675781,928.768798828125,1001.62713623047,405.134674072266,436.199890136719,483.540649414063,503.527893066406,553.514404296875,613.437683105469,658.275390625,667.933349609375
675.530578613281,702.225769042969,748.1826171875,757.515930175781,760.199035644531,763.780944824219,770.549987792969,855.098022460938,877.448364257813,892.454284667969,391.157287597656,928.912963867188,1001.87310791016,405.228668212891,436.291961669922,483.633575439453,503.621307373047,553.609008789063,613.533325195313,658.3642578125,668.014587402344
675.614074707031,702.317687988281,748.264526367188,757.570922851563,760.263061523438,763.834533691406,770.668701171875,855.242309570313,877.541076660156,892.547424316406,391.275238037109,929.054870605469,1002.11883544922,405.322784423828,436.386932373047,483.728240966797,503.716247558594,553.703796386719,613.623901367188,658.461547851563,668.093688964844
675.6962890625,702.412353515625,748.344055175781,757.627685546875,760.324096679688,763.892822265625,770.788757324219,855.389038085938,877.636535644531,892.641784667969,391.393310546875,929.199401855469,1002.36468505859,405.415802001953,436.481140136719,483.822631835938,503.810699462891,553.79833984375,613.720092773438,658.553833007813,668.178039550781
675.775817871094,702.508972167969,748.428039550781,757.685668945313,760.388305664063,763.949523925781,770.906555175781,855.529296875,877.734313964844,892.737976074219,391.511352539063,929.343017578125,1002.61047363281,405.509918212891,436.575988769531,483.917388916016,503.904846191406,553.891540527344,613.813232421875,658.650329589844,668.259948730469
675.859069824219,702.599243164063,748.509216308594,757.740905761719,760.450256347656,764.005920410156,771.027404785156,855.677429199219,877.822814941406,892.829406738281,391.629516601563,929.491027832031,1002.85583496094,405.604064941406,436.667999267578,484.010437011719,503.998168945313,553.985961914063,613.907165527344,658.744750976563,668.338989257813
675.941650390625,702.696472167969,748.589294433594,757.799194335938,760.514404296875,764.063232421875,771.144836425781,855.817687988281,877.918640136719,892.924926757813,391.747711181641,929.635681152344,1003.10125732422,405.697998046875,436.762939453125,484.10498046875,504.092834472656,554.080810546875,614.002380371094,658.834594726563,668.4228515625
676.021545410156,702.790832519531,748.673645019531,757.852111816406,760.575500488281,764.11669921875,771.266174316406,855.965759277344,878.014953613281,893.020812988281,391.866149902344,929.781005859375,1003.34631347656,405.791290283203,436.857238769531,484.199401855469,504.187561035156,554.175415039063,614.093017578125,658.931579589844,668.505310058594
676.104125976563,702.882507324219,748.753845214844,757.912658691406,760.6396484375,764.177307128906,771.382141113281,856.110229492188,878.108154296875,893.112609863281,391.984771728516,929.924377441406,1003.59075927734,405.885162353516,436.951995849609,484.294006347656,504.281646728516,554.268432617188,614.189758300781,659.028503417969,668.584228515625
676.186767578125,702.980163574219,748.834594726563,757.966003417969,760.701599121094,764.231323242188,771.503967285156,856.25341796875,878.202697753906,893.208374023438,392.102905273438,930.066345214844,1003.83532714844,405.979370117188,437.0439453125,484.387329101563,504.375122070313,554.362976074219,614.28515625,659.118286132813,668.667663574219
676.267272949219,703.072326660156,748.919189453125,758.025390625,760.765930175781,764.290161132813,771.620483398438,856.400512695313,878.294555664063,893.301086425781,392.221008300781,930.212524414063,1004.07971191406,406.073455810547,437.138946533203,484.481628417969,504.469512939453,554.457702636719,614.375549316406,659.215087890625,668.750610351563
676.349182128906,703.166931152344,748.998718261719,758.079406738281,760.826599121094,764.342956542969,771.742919921875,856.5400390625,878.390197753906,893.395751953125,392.339050292969,930.356262207031,1004.32366943359,406.166564941406,437.233276367188,484.576171875,504.564453125,554.552307128906,614.471862792969,659.307189941406,668.829772949219
676.431945800781,703.263610839844,749.079956054688,758.137817382813,760.891296386719,764.402038574219,771.859130859375,856.688110351563,878.48828125,893.492248535156,392.457244873047,930.504211425781,1004.56665039063,406.260528564453,437.328002929688,484.670745849609,504.658386230469,554.645446777344,614.565246582031,659.40380859375,668.912475585938
676.513061523438,703.353393554688,749.164367675781,758.193908691406,760.952819824219,764.457763671875,771.981750488281,856.830871582031,878.576965332031,893.58349609375,392.575256347656,930.648986816406,1004.81170654297,406.354766845703,437.420074462891,484.764251708984,504.751983642578,554.739685058594,614.659240722656,659.498291015625,668.995422363281
676.594604492188,703.451232910156,749.244079589844,758.250244140625,761.017456054688,764.515686035156,772.0986328125,856.977233886719,878.672485351563,893.67919921875,392.693389892578,930.792724609375,1005.05645751953,406.448791503906,437.514892578125,484.8583984375,504.846221923828,554.834716796875,614.75390625,659.587890625,669.075561523438
676.677185058594,703.545104980469,749.325378417969,758.307861328125,761.078002929688,764.571166992188,772.220520019531,857.121826171875,878.768432617188,893.774597167969,392.811645507813,930.935729980469,1005.30126953125,406.5419921875,437.609252929688,484.952972412109,504.941223144531,554.929260253906,614.844909667969,659.685180664063,669.157409667969
676.758850097656,703.637390136719,749.409606933594,758.361938476563,761.142578125,764.626342773438,772.33837890625,857.264892578125,878.862182617188,893.86669921875,392.930053710938,931.079040527344,1005.54595947266,406.635833740234,437.703948974609,485.047424316406,505.035064697266,555.022583007813,614.941711425781,659.781799316406,669.240173339844
676.839538574219,703.734619140625,749.489440917969,758.421691894531,761.204162597656,764.686096191406,772.460144042969,857.411804199219,878.956909179688,893.962524414063,393.04833984375,931.226196289063,1005.79046630859,406.730072021484,437.796264648438,485.14111328125,505.129058837891,555.116638183594,615.037109375,659.872253417969,669.321350097656
676.921997070313,703.82666015625,749.570861816406,758.4755859375,761.268798828125,764.740478515625,772.578247070313,857.550476074219,879.047973632813,894.054748535156,393.166442871094,931.369812011719,1006.03485107422,406.824188232422,437.890838623047,485.235107421875,505.222930908203,555.211547851563,615.127563476563,659.968383789063,669.402587890625
677.004516601563,703.921630859375,749.655029296875,758.534545898438,761.329040527344,764.798889160156,772.699768066406,857.699768066406,879.143920898438,894.14990234375,393.284362792969,931.51708984375,1006.27911376953,406.917388916016,437.985260009766,485.329833984375,505.318176269531,555.30615234375,615.223754882813,660.060729980469,669.485229492188
677.084533691406,704.018188476563,749.734680175781,758.587707519531,761.393981933594,764.851257324219,772.817932128906,857.843444824219,879.242065429688,894.246459960938,393.402465820313,931.661560058594,1006.52331542969,407.011108398438,438.080078125,485.424255371094,505.411743164063,555.399658203125,615.317199707031,660.157104492188,669.567077636719
677.166931152344,704.107543945313,749.816711425781,758.647521972656,761.455322265625,764.911499023438,772.938354492188,857.988525390625,879.331359863281,894.337707519531,393.520538330078,931.803771972656,1006.76696777344,407.105407714844,438.172210693359,485.518005371094,505.505889892578,555.493591308594,615.411254882813,660.252136230469,669.647827148438
677.249877929688,704.205810546875,749.900329589844,758.702453613281,761.52001953125,764.966430664063,773.057189941406,858.133911132813,879.426330566406,894.433288574219,393.638549804688,931.947998046875,1007.01062011719,407.199523925781,438.266906738281,485.611785888672,505.599548339844,555.588562011719,615.505737304688,660.341491699219,669.730285644531
677.329956054688,704.299499511719,749.979858398438,758.760070800781,761.580383300781,765.024658203125,773.176635742188,858.275451660156,879.522094726563,894.528259277344,393.756744384766,932.091125488281,1007.25457763672,407.292755126953,438.361297607422,485.706634521484,505.694763183594,555.683166503906,615.597045898438,660.438842773438,669.812683105469
677.412048339844,704.392211914063,750.062072753906,758.81591796875,761.645385742188,765.0791015625,773.296081542969,858.4228515625,879.615905761719,894.620971679688,393.875061035156,932.239318847656,1007.49829101563,407.386383056641,438.4560546875,485.801025390625,505.788543701172,555.776611328125,615.693603515625,660.535095214844,669.89306640625
677.495178222656,704.489074707031,750.145568847656,758.871704101563,761.706787109375,765.136169433594,773.414306640625,858.5625,879.711059570313,894.716796875,393.993408203125,932.383483886719,1007.74163818359,407.480712890625,438.548370361328,485.894927978516,505.882568359375,555.870544433594,615.788940429688,660.626220703125,669.975402832031
677.575500488281,704.5810546875,750.224975585938,758.930786132813,761.771484375,765.194274902344,773.53515625,858.711975097656,879.801330566406,894.808776855469,394.111785888672,932.529541015625,1007.98553466797,407.574920654297,438.642852783203,485.988647460938,505.976257324219,555.965454101563,615.879455566406,660.721801757813,670.057861328125
677.657165527344,704.67626953125,750.307678222656,758.985046386719,761.83154296875,765.249816894531,773.652587890625,858.855651855469,879.897705078125,894.904052734375,394.229583740234,932.673400878906,1008.23034667969,407.668151855469,438.737335205078,486.083343505859,506.071441650391,556.060119628906,615.975769042969,660.814208984375,670.13818359375
677.740478515625,704.772888183594,750.390502929688,759.043701171875,761.896606445313,765.307556152344,773.773803710938,858.999206542969,879.995849609375,895.000671386719,394.347778320313,932.814819335938,1008.47521972656,407.761749267578,438.832092285156,486.177642822266,506.165222167969,556.15380859375,616.069213867188,660.910522460938,670.220581054688
677.820739746094,704.86181640625,750.470336914063,759.096313476563,761.957946777344,765.360046386719,773.890686035156,859.145751953125,880.085388183594,895.091918945313,394.465789794922,932.960693359375,1008.71966552734,407.856140136719,438.924377441406,486.271850585938,506.259399414063,556.247436523438,616.163330078125,661.006042480469,670.302612304688
677.902648925781,704.96044921875,750.553161621094,759.156921386719,762.022705078125,765.420715332031,774.01220703125,859.286071777344,880.180419921875,895.187438964844,394.583740234375,933.104064941406,1008.96362304688,407.950317382813,439.018707275391,486.365325927734,506.352874755859,556.342468261719,616.257446289063,661.095092773438,670.383483886719
677.985534667969,705.053894042969,750.634887695313,759.2109375,762.082824707031,765.475402832031,774.128540039063,859.433837890625,880.275817871094,895.281921386719,394.701904296875,933.252380371094,1009.20715332031,408.043579101563,439.113372802734,486.460113525391,506.448181152344,556.43701171875,616.349060058594,661.192565917969,670.465942382813
678.066040039063,705.147277832031,750.715698242188,759.269653320313,762.148193359375,765.533813476563,774.250915527344,859.576110839844,880.369750976563,895.375122070313,394.820190429688,933.39697265625,1009.44995117188,408.137176513672,439.208129882813,486.554412841797,506.542022705078,556.530822753906,616.445495605469,661.288330078125,670.547485351563
678.148132324219,705.243591308594,750.798706054688,759.324279785156,762.209350585938,765.58740234375,774.366577148438,859.723510742188,880.465148925781,895.470886230469,394.938507080078,933.541259765625,1009.69506835938,408.2314453125,439.300445556641,486.648773193359,506.636016845703,556.624450683594,616.540832519531,661.380249023438,670.628845214844
678.230590820313,705.335327148438,750.87939453125,759.38134765625,762.274108886719,765.645568847656,774.489929199219,859.867248535156,880.554992675781,895.562866210938,395.056793212891,933.6845703125,1009.93957519531,408.32568359375,439.394775390625,486.742095947266,506.729583740234,556.719360351563,616.63134765625,661.475219726563,670.711303710938
678.311340332031,705.431030273438,750.960998535156,759.439147949219,762.334045410156,765.702453613281,774.605590820313,860.010498046875,880.651611328125,895.658264160156,395.175170898438,933.8271484375,1010.18310546875,408.4189453125,439.489379882813,486.836883544922,506.824859619141,556.813903808594,616.727478027344,661.567687988281,670.792419433594
678.393859863281,705.527709960938,751.044311523438,759.494689941406,762.3994140625,765.759033203125,774.728576660156,860.157043457031,880.749389648438,895.754638671875,395.293060302734,933.974365234375,1010.42724609375,408.512451171875,439.584045410156,486.931182861328,506.918792724609,556.907897949219,616.821166992188,661.663940429688,670.874084472656
678.475769042969,705.61669921875,751.124084472656,759.552612304688,762.460510253906,765.815856933594,774.845397949219,860.296569824219,880.839538574219,895.846008300781,395.411346435547,934.117858886719,1010.67352294922,408.606719970703,439.676544189453,487.025665283203,507.012908935547,557.001342773438,616.915344238281,661.759826660156,670.956604003906
678.556640625,705.715087890625,751.206420898438,759.605712890625,762.525634765625,765.869689941406,774.967712402344,860.445068359375,880.934326171875,895.941528320313,395.529571533203,934.265563964844,1010.91931152344,408.701019287109,439.770751953125,487.118804931641,507.106353759766,557.096496582031,617.009216308594,661.848693847656,671.037414550781
678.639587402344,705.808349609375,751.289367675781,759.666259765625,762.585327148438,765.93017578125,775.085144042969,860.588806152344,881.029479980469,896.035766601563,395.647552490234,934.409912109375,1011.16528320313,408.794281005859,439.865478515625,487.213745117188,507.201507568359,557.190856933594,617.10107421875,661.946350097656,671.118896484375
678.721130371094,705.90234375,751.368835449219,759.719787597656,762.650817871094,765.984436035156,775.207336425781,860.734741210938,881.123596191406,896.129211425781,395.765747070313,934.552368164063,1011.4111328125,408.887756347656,439.960052490234,487.307952880859,507.295501708984,557.284912109375,617.197509765625,662.041381835938,671.202026367188
678.8017578125,705.998168945313,751.451965332031,759.778991699219,762.7119140625,766.04296875,775.324951171875,860.878723144531,881.219299316406,896.22509765625,395.883941650391,934.696411132813,1011.65692138672,408.982147216797,440.052642822266,487.402679443359,507.389556884766,557.378356933594,617.292663574219,662.134399414063,671.282409667969
678.88525390625,706.089721679688,751.53466796875,759.832580566406,762.776733398438,766.095703125,775.446228027344,861.021545410156,881.308898925781,896.316955566406,396.002288818359,934.839538574219,1011.90270996094,409.076446533203,440.146728515625,487.49560546875,507.483154296875,557.473388671875,617.38330078125,662.228637695313,671.36376953125
678.966552734375,706.185852050781,751.613647460938,759.891540527344,762.836547851563,766.154907226563,775.564392089844,861.168029785156,881.405395507813,896.412353515625,396.120666503906,934.987487792969,1012.14837646484,409.169555664063,440.241485595703,487.59033203125,507.578247070313,557.567932128906,617.479370117188,662.321228027344,671.447448730469
679.046691894531,706.282104492188,751.697570800781,759.947387695313,762.902099609375,766.210693359375,775.684387207031,861.307556152344,881.503173828125,896.508666992188,396.239013671875,935.131469726563,1012.39428710938,409.263122558594,440.335998535156,487.684600830078,507.672241210938,557.661865234375,617.572998046875,662.417297363281,671.527587890625
679.130859375,706.37158203125,751.780029296875,760.003967285156,762.963256835938,766.268676757813,775.803405761719,861.457763671875,881.593566894531,896.60009765625,396.356597900391,935.277893066406,1012.64001464844,409.357421875,440.428649902344,487.779418945313,507.766387939453,557.755249023438,617.667297363281,662.513793945313,671.608764648438
679.212158203125,706.469604492188,751.858947753906,760.061096191406,763.028137207031,766.323791503906,775.922302246094,861.60107421875,881.688171386719,896.695678710938,396.474395751953,935.422302246094,1012.88562011719,409.451904296875,440.522674560547,487.872436523438,507.859924316406,557.850402832031,617.760864257813,662.602416992188,671.692565917969
679.291748046875,706.563049316406,751.943176269531,760.115600585938,763.087829589844,766.379028320313,776.042419433594,861.745300292969,881.782897949219,896.789489746094,396.592437744141,935.563598632813,1013.13128662109,409.544921875,440.617492675781,487.967071533203,507.954864501953,557.94482421875,617.852966308594,662.700073242188,671.772827148438
679.376159667969,706.656982421875,752.025268554688,760.175354003906,763.153442382813,766.438903808594,776.160461425781,861.890808105469,881.87744140625,896.883239746094,396.710479736328,935.709228515625,1013.37677001953,409.638458251953,440.712097167969,488.061309814453,508.049011230469,558.039001464844,617.949523925781,662.794555664063,671.853759765625
679.457580566406,706.752746582031,752.104187011719,760.229125976563,763.214660644531,766.493530273438,776.281311035156,862.032104492188,881.973388671875,896.979187011719,396.82861328125,935.851989746094,1013.62225341797,409.732879638672,440.804748535156,488.156219482422,508.14306640625,558.132263183594,618.044372558594,662.888488769531,671.937683105469
679.536987304688,706.844116210938,752.188720703125,760.288146972656,763.279663085938,766.551635742188,776.3984375,862.17919921875,882.062866210938,897.071228027344,396.946899414063,936.000671386719,1013.86785888672,409.827362060547,440.898712158203,488.249176025391,508.236663818359,558.227355957031,618.135192871094,662.982116699219,672.01806640625
679.621337890625,706.940490722656,752.270385742188,760.341064453125,763.339111328125,766.60400390625,776.520202636719,862.320678710938,882.159118652344,897.166442871094,397.065246582031,936.14501953125,1014.11328125,409.920227050781,440.99365234375,488.343719482422,508.331512451172,558.32177734375,618.231201171875,663.074890136719,672.098876953125
679.702880859375,707.03662109375,752.349304199219,760.401000976563,763.40478515625,766.664306640625,776.636779785156,862.469787597656,882.256774902344,897.262573242188,397.183624267578,936.289855957031,1014.35876464844,410.013885498047,441.088012695313,488.438201904297,508.425872802734,558.416076660156,618.324951171875,663.170715332031,672.1826171875
679.782348632813,707.126403808594,752.434265136719,760.455871582031,763.466064453125,766.719482421875,776.758911132813,862.61279296875,882.347717285156,897.354248046875,397.301971435547,936.433654785156,1014.60406494141,410.108215332031,441.180908203125,488.532958984375,508.519866943359,558.509399414063,618.419311523438,663.267578125,672.263427734375
679.866516113281,707.224182128906,752.515502929688,760.513916015625,763.530944824219,766.777648925781,776.874816894531,862.756164550781,882.442016601563,897.449768066406,397.419830322266,936.575378417969,1014.84936523438,410.202789306641,441.274719238281,488.626007080078,508.613494873047,558.604370117188,618.5126953125,663.356140136719,672.343872070313
679.948181152344,707.317565917969,752.594604492188,760.569213867188,763.590393066406,766.831848144531,776.997741699219,862.902282714844,882.536560058594,897.543029785156,397.538055419922,936.722717285156,1015.09448242188,410.295684814453,441.369659423828,488.720306396484,508.708221435547,558.69873046875,618.605041503906,663.453918457031,672.427429199219
680.02783203125,707.41162109375,752.679870605469,760.625366210938,763.656311035156,766.888977050781,777.113098144531,863.042663574219,882.631103515625,897.637145996094,397.656372070313,936.865661621094,1015.33953857422,410.389190673828,441.464019775391,488.814971923828,508.802581787109,558.793212890625,618.701416015625,663.547790527344,672.508850097656
680.111328125,707.507385253906,752.760314941406,760.684143066406,763.717407226563,766.947082519531,777.236694335938,863.190124511719,882.727416992188,897.7333984375,397.774597167969,937.013732910156,1015.58380126953,410.483581542969,441.557006835938,488.90966796875,508.896697998047,558.886413574219,618.796264648438,663.642578125,672.589111328125
680.193664550781,707.598205566406,752.839721679688,760.738830566406,763.7822265625,767.002746582031,777.352478027344,863.334106445313,882.817016601563,897.825256347656,397.892974853516,937.158081054688,1015.82751464844,410.578247070313,441.650695800781,489.002746582031,508.990325927734,558.9814453125,618.887023925781,663.735656738281,672.672180175781
680.2734375,707.6953125,752.925354003906,760.797180175781,763.841613769531,767.060363769531,777.4755859375,863.481140136719,882.912902832031,897.920593261719,398.011169433594,937.301025390625,1016.06896972656,410.670989990234,441.745758056641,489.096984863281,509.084930419922,559.075622558594,618.983093261719,663.828308105469,672.754455566406
680.35595703125,707.790893554688,753.004943847656,760.849609375,763.907592773438,767.113098144531,777.592163085938,863.624145507813,883.010559082031,898.016479492188,398.129516601563,937.445190429688,1016.31353759766,410.764617919922,441.840026855469,489.191711425781,509.179412841797,559.170288085938,619.076904296875,663.924194335938,672.83447265625
680.438781738281,707.881225585938,753.085266113281,760.910461425781,763.968811035156,767.173583984375,777.71484375,863.767639160156,883.101867675781,898.108459472656,398.247863769531,937.587829589844,1016.55792236328,410.858947753906,441.933044433594,489.286437988281,509.273345947266,559.263427734375,619.171264648438,664.021118164063,672.917114257813
680.519165039063,707.978515625,753.170715332031,760.964416503906,764.033630371094,767.228515625,777.83203125,863.913513183594,883.1962890625,898.203918457031,398.365936279297,937.735900878906,1016.80212402344,410.95361328125,442.026702880859,489.379516601563,509.367065429688,559.358459472656,619.264465332031,664.109985351563,672.999633789063
680.600769042969,708.071960449219,753.249938964844,761.023376464844,764.092956542969,767.286682128906,777.953735351563,864.052978515625,883.290161132813,898.296813964844,398.483581542969,937.87939453125,1017.04620361328,411.046295166016,442.121826171875,489.473693847656,509.461608886719,559.452758789063,619.357055664063,664.207336425781,673.079956054688
680.683959960938,708.166198730469,753.330871582031,761.077514648438,764.158996582031,767.340087890625,778.07177734375,864.203063964844,883.384948730469,898.391174316406,398.601409912109,938.0263671875,1017.29058837891,411.139953613281,442.216003417969,489.568481445313,509.556213378906,559.547485351563,619.453369140625,664.301208496094,673.161987304688
680.765075683594,708.262023925781,753.415893554688,761.135192871094,764.22021484375,767.398376464844,778.192138671875,864.346496582031,883.481689453125,898.487548828125,398.719268798828,938.170593261719,1017.53491210938,411.234313964844,442.309112548828,489.663177490234,509.650299072266,559.640502929688,619.548156738281,664.396118164063,673.244689941406
680.845764160156,708.352478027344,753.495056152344,761.192443847656,764.284912109375,767.455261230469,778.310668945313,864.49169921875,883.571228027344,898.579528808594,398.837219238281,938.312133789063,1017.77905273438,411.328948974609,442.402709960938,489.75634765625,509.743957519531,559.735412597656,619.638977050781,664.489440917969,673.325744628906
680.929138183594,708.450012207031,753.576354980469,761.248291015625,764.344177246094,767.51220703125,778.43017578125,864.635803222656,883.666870117188,898.674682617188,398.955291748047,938.457763671875,1018.02294921875,411.421661376953,442.497772216797,489.850463867188,509.838317871094,559.82958984375,619.73486328125,664.581665039063,673.406921386719
681.010681152344,708.545227050781,753.661010742188,761.305908203125,764.410400390625,767.568359375,778.549682617188,864.778259277344,883.764038085938,898.770202636719,399.073608398438,938.599914550781,1018.26690673828,411.515228271484,442.591918945313,489.9453125,509.932983398438,559.924438476563,619.828857421875,664.677917480469,673.489624023438
681.090698242188,708.636108398438,753.740539550781,761.359497070313,764.471618652344,767.62255859375,778.668334960938,864.924621582031,883.85595703125,898.862609863281,399.191955566406,938.748718261719,1018.51031494141,411.609649658203,442.685302734375,490.0400390625,510.027008056641,560.017517089844,619.923400878906,664.774536132813,673.571166992188
681.174194335938,708.732971191406,753.822143554688,761.419921875,764.536437988281,767.682922363281,778.788757324219,865.065307617188,883.950561523438,898.958251953125,399.310302734375,938.89306640625,1018.75366210938,411.704315185547,442.778747558594,490.13330078125,510.120819091797,560.112365722656,620.016235351563,664.864013671875,673.652038574219
681.256469726563,708.826416015625,753.906127929688,761.473693847656,764.595458984375,767.737487792969,778.906372070313,865.215759277344,884.043701171875,899.050415039063,399.428741455078,939.038391113281,1018.99670410156,411.796936035156,442.873840332031,490.227233886719,510.214996337891,560.206665039063,620.109191894531,664.960815429688,673.734741210938
681.335693359375,708.920654296875,753.985656738281,761.532409667969,764.66162109375,767.795715332031,779.02783203125,865.3583984375,884.138671875,899.145568847656,399.546661376953,939.182373046875,1019.23944091797,411.890655517578,442.967987060547,490.322143554688,510.309783935547,560.301391601563,620.205383300781,665.0546875,673.81640625
681.419250488281,709.0166015625,754.067687988281,761.585876464844,764.722900390625,767.848327636719,779.144714355469,865.502380371094,884.235717773438,899.241760253906,399.664672851563,939.323608398438,1019.48272705078,411.984985351563,443.061309814453,490.416748046875,510.403900146484,560.394470214844,620.300048828125,665.149597167969,673.897277832031
681.501647949219,709.106689453125,754.151062011719,761.645141601563,764.787719726563,767.90771484375,779.266845703125,865.647583007813,884.325378417969,899.333557128906,399.783081054688,939.471008300781,1019.72778320313,412.079833984375,443.154693603516,490.510040283203,510.497680664063,560.489196777344,620.390930175781,665.243225097656,673.979797363281
681.5810546875,709.204650878906,754.230895996094,761.700988769531,764.846618652344,767.963500976563,779.383056640625,865.788757324219,884.420959472656,899.428833007813,399.901550292969,939.61376953125,1019.97338867188,412.172302246094,443.249877929688,490.603881835938,510.591735839844,560.58349609375,620.486877441406,665.334838867188,674.061462402344
681.664489746094,709.299377441406,754.313232421875,761.7578125,764.913024902344,768.021423339844,779.505676269531,865.935607910156,884.517639160156,899.523986816406,400.019958496094,939.761901855469,1020.21893310547,412.265869140625,443.344024658203,490.698760986328,510.686614990234,560.678405761719,620.580749511719,665.431640625,674.142517089844
681.747009277344,709.390991210938,754.395935058594,761.814331054688,764.974304199219,768.076354980469,779.621154785156,866.078857421875,884.610046386719,899.616760253906,400.138336181641,939.906188964844,1020.46466064453,412.360290527344,443.437438964844,490.793518066406,510.780609130859,560.771545410156,620.675354003906,665.52783203125,674.224853515625
681.826477050781,709.487731933594,754.476196289063,761.869201660156,765.039001464844,768.132019042969,779.744689941406,866.227355957031,884.704711914063,899.712280273438,400.256683349609,940.0498046875,1020.71051025391,412.455139160156,443.530670166016,490.886901855469,510.874481201172,560.866088867188,620.767944335938,665.617858886719,674.306640625
681.909729003906,709.580627441406,754.558837890625,761.929077148438,765.097900390625,768.191833496094,779.859680175781,866.369567871094,884.797241210938,899.804138183594,400.374816894531,940.194213867188,1020.95635986328,412.547637939453,443.625946044922,490.980651855469,510.968383789063,560.960388183594,620.861022949219,665.714294433594,674.388122558594
681.992248535156,709.675109863281,754.640869140625,761.982971191406,765.164367675781,768.246704101563,779.983520507813,866.513366699219,884.892272949219,899.899597167969,400.492950439453,940.336242675781,1021.20190429688,412.641235351563,443.719970703125,491.075561523438,511.063537597656,561.055236816406,620.957275390625,665.808227539063,674.470153808594
682.071899414063,709.771606445313,754.721496582031,762.041687011719,765.225646972656,768.304321289063,780.099182128906,866.658874511719,884.989929199219,899.995971679688,400.610565185547,940.484252929688,1021.44683837891,412.735717773438,443.8134765625,491.170196533203,511.157470703125,561.148559570313,621.051818847656,665.903137207031,674.551330566406
682.155212402344,709.860961914063,754.804382324219,762.09423828125,765.29052734375,768.356628417969,780.222473144531,866.799133300781,885.07958984375,900.087829589844,400.728454589844,940.627380371094,1021.69079589844,412.83056640625,443.906707763672,491.263793945313,511.251403808594,561.242858886719,621.142944335938,665.996948242188,674.633605957031
682.2373046875,709.959228515625,754.8857421875,762.154418945313,765.349182128906,768.417175292969,780.338989257813,866.947387695313,885.175109863281,900.182922363281,400.846496582031,940.774719238281,1021.93328857422,412.922943115234,444.001953125,491.357391357422,511.345062255859,561.337524414063,621.238586425781,666.08837890625,674.715393066406
682.317321777344,710.053588867188,754.966796875,762.209350585938,765.415771484375,768.472473144531,780.461303710938,867.091918945313,885.271301269531,900.277770996094,400.964508056641,940.918762207031,1022.17883300781,413.016693115234,444.095886230469,491.452423095703,511.440460205078,561.432067871094,621.332580566406,666.185424804688,674.796203613281
682.400756835938,710.145874023438,755.049926757813,762.267761230469,765.477111816406,768.530517578125,780.578674316406,867.238098144531,885.364074707031,900.370788574219,401.082366943359,941.060729980469,1022.42431640625,413.111022949219,444.189605712891,491.546966552734,511.534149169922,561.525634765625,621.427124023438,666.281066894531,674.878967285156
682.482299804688,710.242370605469,755.130004882813,762.322448730469,765.541809082031,768.58447265625,780.700012207031,867.380920410156,885.458862304688,900.466430664063,401.200469970703,941.2060546875,1022.66979980469,413.205902099609,444.28271484375,491.640716552734,511.628265380859,561.619750976563,621.519836425781,666.371948242188,674.960815429688
682.5625,710.334838867188,755.212341308594,762.378723144531,765.600341796875,768.641967773438,780.817810058594,867.524353027344,885.550659179688,900.55810546875,401.318695068359,941.348205566406,1022.91522216797,413.298248291016,444.377960205078,491.734191894531,511.721801757813,561.714416503906,621.612976074219,666.4677734375,675.041076660156
682.646423339844,710.429748535156,755.295104980469,762.437622070313,765.667175292969,768.700012207031,780.938049316406,867.669921875,885.646057128906,900.653869628906,401.437072753906,941.497253417969,1023.16033935547,413.391967773438,444.471862792969,491.829315185547,511.817199707031,561.809020996094,621.709106445313,666.561706542969,675.124084472656
682.727478027344,710.526428222656,755.374633789063,762.492431640625,765.728515625,768.755493164063,781.057067871094,867.810363769531,885.743713378906,900.750061035156,401.555450439453,941.640869140625,1023.40588378906,413.486389160156,444.565673828125,491.923736572266,511.910949707031,561.902709960938,621.803527832031,666.656616210938,675.206176757813
682.808044433594,710.615661621094,755.457885742188,762.550598144531,765.793212890625,768.81298828125,781.176208496094,867.9609375,885.833618164063,900.841979980469,401.673400878906,941.786743164063,1023.65124511719,413.581298828125,444.65869140625,492.017730712891,512.005126953125,561.996704101563,621.894836425781,666.750732421875,675.286071777344
682.892028808594,710.714233398438,755.540405273438,762.603515625,765.851684570313,768.866027832031,781.296081542969,868.103942871094,885.929016113281,900.936950683594,401.791595458984,941.930786132813,1023.89691162109,413.673553466797,444.754089355469,492.110900878906,512.098449707031,562.091369628906,621.990356445313,666.842041015625,675.369079589844
682.973022460938,710.807922363281,755.619689941406,762.663879394531,765.918640136719,768.92626953125,781.414123535156,868.248657226563,886.024841308594,901.031555175781,401.909942626953,942.071960449219,1024.14282226563,413.767303466797,444.847808837891,492.206176757813,512.193969726563,562.185913085938,622.08447265625,666.939147949219,675.451538085938
683.053405761719,710.90087890625,755.703430175781,762.71826171875,765.979858398438,768.981567382813,781.535278320313,868.392822265625,886.118041992188,901.124877929688,402.028350830078,942.219421386719,1024.38854980469,413.861724853516,444.941741943359,492.300537109375,512.287780761719,562.279602050781,622.179077148438,667.034362792969,675.531127929688
683.137756347656,710.9970703125,755.785522460938,762.776794433594,766.04443359375,769.03955078125,781.652587890625,868.534790039063,886.212829589844,901.220703125,402.146850585938,942.361999511719,1024.63427734375,413.956665039063,445.034790039063,492.394592285156,512.3818359375,562.373657226563,622.271728515625,667.126098632813,675.614074707031
683.218505859375,711.089233398438,755.864440917969,762.830871582031,766.102966308594,769.092651367188,781.774536132813,868.680969238281,886.304077148438,901.312255859375,402.265197753906,942.510131835938,1024.88000488281,414.048889160156,445.130065917969,492.487640380859,512.475219726563,562.468383789063,622.365051269531,667.221069335938,675.696716308594
683.298461914063,711.184265136719,755.94921875,762.889038085938,766.170043945313,769.151062011719,781.890869140625,868.823425292969,886.399780273438,901.408020019531,402.383453369141,942.654296875,1025.12536621094,414.142578125,445.223815917969,492.582916259766,512.570556640625,562.562866210938,622.460876464844,667.315307617188,675.7763671875
683.38330078125,711.281372070313,756.03076171875,762.945922851563,766.231201171875,769.208129882813,782.013671875,868.973571777344,886.497436523438,901.504211425781,402.501708984375,942.798461914063,1025.37072753906,414.237091064453,445.31787109375,492.677215576172,512.664611816406,562.65673828125,622.555358886719,667.41015625,675.859008789063
683.463928222656,711.370544433594,756.109436035156,763.001953125,766.295837402344,769.265319824219,782.129272460938,869.115295410156,886.587585449219,901.596130371094,402.619812011719,942.942687988281,1025.61608886719,414.332000732422,445.410858154297,492.771545410156,512.758605957031,562.750549316406,622.647033691406,667.504638671875,675.941833496094
683.543640136719,711.468994140625,756.194885253906,763.059204101563,766.354553222656,769.321166992188,782.252624511719,869.259338378906,886.682861328125,901.691101074219,402.737670898438,943.084533691406,1025.86145019531,414.424255371094,445.506225585938,492.864440917969,512.851745605469,562.845397949219,622.7421875,667.595581054688,676.021606445313
683.628234863281,711.562255859375,756.276123046875,763.113098144531,766.421447753906,769.375244140625,782.367614746094,869.404113769531,886.778503417969,901.785217285156,402.855529785156,943.232788085938,1026.10681152344,414.517791748047,445.599853515625,492.959777832031,512.947204589844,562.939758300781,622.836364746094,667.692810058594,676.103942871094
683.709411621094,711.65576171875,756.354675292969,763.173461914063,766.482543945313,769.435668945313,782.49169921875,869.545227050781,886.871948242188,901.87890625,402.973480224609,943.375671386719,1026.35144042969,414.612487792969,445.693908691406,493.053985595703,513.041381835938,563.033935546875,622.93115234375,667.787780761719,676.186828613281
683.788757324219,711.751892089844,756.440307617188,763.2275390625,766.546997070313,769.49072265625,782.606140136719,869.691955566406,886.966918945313,901.974792480469,403.091552734375,943.523132324219,1026.59619140625,414.707305908203,445.786865234375,493.1484375,513.135314941406,563.127502441406,623.023498535156,667.880126953125,676.267211914063
683.873168945313,711.843444824219,756.521301269531,763.285949707031,766.605895996094,769.548400878906,782.73046875,869.836730957031,887.058044433594,902.06640625,403.209564208984,943.666870117188,1026.84106445313,414.799682617188,445.882202148438,493.241241455078,513.228393554688,563.222473144531,623.116882324219,667.974609375,676.348937988281
683.954772949219,711.938903808594,756.599792480469,763.339111328125,766.672729492188,769.601013183594,782.845947265625,869.984436035156,887.153564453125,902.162231445313,403.32763671875,943.809509277344,1027.08532714844,414.893249511719,445.975921630859,493.336517333984,513.323913574219,563.316772460938,623.212829589844,668.068908691406,676.431945800781
684.034240722656,712.035949707031,756.685852050781,763.398498535156,766.734069824219,769.660400390625,782.968933105469,870.126525878906,887.251220703125,902.258117675781,403.445648193359,943.95458984375,1027.32885742188,414.987884521484,446.070159912109,493.430786132813,513.418090820313,563.410888671875,623.307067871094,668.163635253906,676.512817382813
684.117858886719,712.125427246094,756.766357421875,763.454406738281,766.798400878906,769.716491699219,783.085632324219,870.270446777344,887.341552734375,902.350280761719,403.563842773438,944.096618652344,1027.57165527344,415.082611083984,446.162872314453,493.525299072266,513.512084960938,563.504516601563,623.399047851563,668.258605957031,676.594116210938
684.200134277344,712.2236328125,756.845336914063,763.51171875,766.857421875,769.7744140625,783.207641601563,870.415283203125,887.436828613281,902.445068359375,403.682037353516,944.245666503906,1027.81311035156,415.174987792969,446.258209228516,493.617950439453,513.605224609375,563.599487304688,623.493957519531,668.349304199219,676.676696777344
684.279846191406,712.316650390625,756.931457519531,763.567443847656,766.924133300781,769.828979492188,783.325134277344,870.555908203125,887.532104492188,902.538879394531,403.800231933594,944.38916015625,1028.0576171875,415.268585205078,446.351928710938,493.713134765625,513.70068359375,563.693725585938,623.588195800781,668.446594238281,676.758483886719
684.362426757813,712.410217285156,757.011535644531,763.622680664063,766.9853515625,769.885070800781,783.445922851563,870.705444335938,887.625793457031,902.633056640625,403.918518066406,944.535339355469,1028.3017578125,415.363311767578,446.446136474609,493.807586669922,513.794860839844,563.787963867188,623.68310546875,668.541076660156,676.839111328125
684.445617675781,712.506713867188,757.0908203125,763.682556152344,767.049621582031,769.944702148438,783.564208984375,870.849548339844,887.721008300781,902.728759765625,404.036682128906,944.679138183594,1028.54577636719,415.457916259766,446.538909912109,493.902008056641,513.888793945313,563.881530761719,623.775512695313,668.634338378906,676.921569824219
684.525451660156,712.59765625,757.176879882813,763.736694335938,767.108642578125,769.999572753906,783.684265136719,870.995056152344,887.811889648438,902.820739746094,404.155090332031,944.820556640625,1028.78967285156,415.550384521484,446.634246826172,493.994750976563,513.982116699219,563.976440429688,623.868835449219,668.72802734375,677.00390625
684.607116699219,712.693542480469,757.256164550781,763.795043945313,767.175476074219,770.057006835938,783.803405761719,871.138061523438,887.907348632813,902.916259765625,404.273559570313,944.967590332031,1029.03344726563,415.643920898438,446.727905273438,494.089752197266,514.077392578125,564.070617675781,623.964660644531,668.822448730469,677.084045410156
684.691040039063,712.790222167969,757.336242675781,763.847595214844,767.23681640625,770.109619140625,783.921997070313,871.281005859375,888.005004882813,903.012023925781,404.391784667969,945.109985351563,1029.27685546875,415.738677978516,446.822296142578,494.184326171875,514.171630859375,564.164978027344,624.058959960938,668.917236328125,677.166442871094
684.771118164063,712.880187988281,757.422119140625,763.907836914063,767.301147460938,770.169860839844,784.04248046875,871.426147460938,888.095703125,903.104431152344,404.510070800781,945.258666992188,1029.51989746094,415.833190917969,446.914825439453,494.27880859375,514.265625,564.258483886719,624.151245117188,669.012451171875,677.248962402344
684.851806640625,712.978393554688,757.501159667969,763.962890625,767.360107421875,770.225646972656,784.160400390625,871.568237304688,888.190673828125,903.199401855469,404.628356933594,945.402526855469,1029.76208496094,415.925689697266,447.010345458984,494.37158203125,514.358825683594,564.353576660156,624.245849609375,669.102966308594,677.329284667969
684.936401367188,713.070983886719,757.581909179688,764.021362304688,767.426879882813,770.283325195313,784.282043457031,871.718872070313,888.285705566406,903.29248046875,404.746520996094,945.546936035156,1030.00671386719,416.019256591797,447.103942871094,494.466430664063,514.454040527344,564.447570800781,624.339904785156,669.2001953125,677.411193847656
685.016906738281,713.164611816406,757.666931152344,764.075805664063,767.488098144531,770.337097167969,784.398803710938,871.860961914063,888.379516601563,903.387023925781,404.864685058594,945.691101074219,1030.2509765625,416.114135742188,447.198303222656,494.56103515625,514.548400878906,564.542175292969,624.43505859375,669.294372558594,677.494140625
685.096862792969,713.261535644531,757.74609375,764.132690429688,767.552368164063,770.394714355469,784.521240234375,872.005676269531,888.47509765625,903.482971191406,404.982696533203,945.832580566406,1030.49548339844,416.208435058594,447.290985107422,494.655609130859,514.642272949219,564.635559082031,624.527526855469,669.38818359375,677.574584960938
685.181640625,713.351867675781,757.827575683594,764.19091796875,767.611572265625,770.452758789063,784.637023925781,872.149719238281,888.565856933594,903.575012207031,405.100646972656,945.981018066406,1030.74157714844,416.301055908203,447.386352539063,494.748413085938,514.735656738281,564.730590820313,624.620849609375,669.481567382813,677.656494140625
685.262634277344,713.448181152344,757.911743164063,764.246276855469,767.67822265625,770.5087890625,784.760559082031,872.291381835938,888.661437988281,903.670349121094,405.218688964844,946.123779296875,1030.98754882813,416.394592285156,447.47998046875,494.843078613281,514.830688476563,564.824584960938,624.716491699219,669.57568359375,677.7392578125
685.341918945313,713.544311523438,757.991577148438,764.304016113281,767.739624023438,770.565734863281,784.875732421875,872.437255859375,888.758666992188,903.765930175781,405.336761474609,946.271362304688,1031.2333984375,416.489501953125,447.574371337891,494.937866210938,514.92529296875,564.919311523438,624.810668945313,669.670593261719,677.819702148438
685.426696777344,713.635070800781,758.073181152344,764.357116699219,767.803527832031,770.619140625,784.99951171875,872.581481933594,888.849792480469,903.858581542969,405.454833984375,946.415466308594,1031.47937011719,416.583770751953,447.667053222656,495.032257080078,515.019104003906,565.012573242188,624.903137207031,669.765930175781,677.901733398438
685.508239746094,713.73291015625,758.156616210938,764.417297363281,767.862915039063,770.679138183594,785.114074707031,872.730895996094,888.944580078125,903.953674316406,405.572906494141,946.55810546875,1031.72521972656,416.676483154297,447.762359619141,495.125183105469,515.112487792969,565.107604980469,624.997619628906,669.856689453125,677.984252929688
685.5869140625,713.8251953125,758.236755371094,764.471984863281,767.929565429688,770.734619140625,785.238464355469,872.872314453125,889.039123535156,904.046264648438,405.690979003906,946.702575683594,1031.97106933594,416.769897460938,447.855865478516,495.219696044922,515.207397460938,565.201477050781,625.091674804688,669.953735351563,678.065002441406
685.671813964844,713.919006347656,758.318908691406,764.530334472656,767.990905761719,770.79248046875,785.352966308594,873.016479492188,889.133361816406,904.140930175781,405.80908203125,946.844787597656,1032.21691894531,416.864807128906,447.950469970703,495.314727783203,515.301940917969,565.296508789063,625.186950683594,670.047607421875,678.147155761719
685.75341796875,714.016357421875,758.401489257813,764.584106445313,768.054870605469,770.845397949219,785.476684570313,873.160827636719,889.229064941406,904.2373046875,405.927032470703,946.993957519531,1032.46252441406,416.959167480469,448.043182373047,495.409027099609,515.395812988281,565.389587402344,625.279418945313,670.141784667969,678.229248046875
685.832275390625,714.106079101563,758.482055664063,764.642639160156,768.114379882813,770.903869628906,785.592834472656,873.301635742188,889.320068359375,904.329284667969,406.045349121094,947.137390136719,1032.70776367188,417.051879882813,448.138336181641,495.501983642578,515.489318847656,565.484680175781,625.372741699219,670.235229492188,678.310180664063
685.917114257813,714.202697753906,758.564453125,764.699401855469,768.18115234375,770.9609375,785.715270996094,873.450012207031,889.415344238281,904.424499511719,406.163604736328,947.283996582031,1032.95275878906,417.145233154297,448.231872558594,495.596282958984,515.584045410156,565.578430175781,625.46826171875,670.328979492188,678.392700195313
685.998718261719,714.298583984375,758.646362304688,764.755554199219,768.242248535156,771.018310546875,785.832458496094,873.594604492188,889.512268066406,904.519714355469,406.281768798828,947.427856445313,1033.19677734375,417.240173339844,448.326568603516,495.691497802734,515.678771972656,565.673461914063,625.562561035156,670.424377441406,678.474243164063
686.077880859375,714.389892578125,758.727416992188,764.812438964844,768.306091308594,771.07373046875,785.953735351563,873.741577148438,889.603759765625,904.612731933594,406.400054931641,947.569213867188,1033.43981933594,417.334381103516,448.419219970703,495.785705566406,515.7724609375,565.766540527344,625.655334472656,670.519287109375,678.555114746094
686.162414550781,714.487609863281,758.809936523438,764.866638183594,768.365783691406,771.128173828125,786.071472167969,873.883422851563,889.698913574219,904.707946777344,406.518371582031,947.7158203125,1033.6826171875,417.427154541016,448.514434814453,495.878845214844,515.866149902344,565.861694335938,625.749450683594,670.610656738281,678.638244628906
686.244079589844,714.57958984375,758.891357421875,764.926818847656,768.432434082031,771.188415527344,786.19189453125,874.027282714844,889.792724609375,904.799987792969,406.636657714844,947.857788085938,1033.92810058594,417.5205078125,448.60791015625,495.972991943359,515.960693359375,565.955383300781,625.843383789063,670.707092285156,678.719543457031
686.323486328125,714.673583984375,758.972839355469,764.981262207031,768.49365234375,771.243774414063,786.310729980469,874.171508789063,889.887023925781,904.895263671875,406.754913330078,948.006958007813,1034.17346191406,417.615600585938,448.702667236328,496.068206787109,516.0556640625,566.050415039063,625.938842773438,670.801208496094,678.800109863281
686.407897949219,714.77099609375,759.055541992188,765.039611816406,768.557556152344,771.301208496094,786.429870605469,874.313293457031,889.983337402344,904.991516113281,406.873168945313,948.150817871094,1034.41906738281,417.709808349609,448.795257568359,496.162567138672,516.1494140625,566.1435546875,626.031372070313,670.895385742188,678.8837890625
686.489013671875,714.860290527344,759.13623046875,765.09228515625,768.6171875,771.353698730469,786.549621582031,874.46337890625,890.074279785156,905.083557128906,406.991546630859,948.295593261719,1034.66430664063,417.802612304688,448.890441894531,496.255706787109,516.242980957031,566.238464355469,626.124816894531,670.988891601563,678.96484375
686.568908691406,714.957458496094,759.218322753906,765.152038574219,768.683898925781,771.413146972656,786.668395996094,874.606567382813,890.16943359375,905.178466796875,407.109741210938,948.439819335938,1034.90966796875,417.896026611328,448.983978271484,496.349822998047,516.33740234375,566.332336425781,626.22021484375,671.082275390625,679.044982910156
686.6533203125,715.052795410156,759.30078125,765.207946777344,768.7451171875,771.469665527344,786.789306640625,874.752136230469,890.265808105469,905.273498535156,407.227722167969,948.580688476563,1035.15515136719,417.991058349609,449.078857421875,496.445159912109,516.432495117188,566.427368164063,626.314331054688,671.178039550781,679.129028320313
686.734130859375,715.144714355469,759.380798339844,765.265686035156,768.808776855469,771.527282714844,786.906799316406,874.895080566406,890.357971191406,905.366821289063,407.345672607422,948.729064941406,1035.40051269531,418.085113525391,449.171356201172,496.539398193359,516.526062011719,566.520568847656,626.407470703125,671.272644042969,679.210327148438
686.814514160156,715.242248535156,759.4638671875,765.320678710938,768.868591308594,771.581787109375,787.028686523438,875.037780761719,890.453125,905.462158203125,407.463928222656,948.871704101563,1035.64575195313,418.177978515625,449.266357421875,496.632659912109,516.619812011719,566.615417480469,626.501159667969,671.364501953125,679.289855957031
686.898986816406,715.333862304688,759.545959472656,765.376403808594,768.935180664063,771.638122558594,787.144958496094,875.182556152344,890.546264648438,905.553588867188,407.581939697266,949.019714355469,1035.89147949219,418.271240234375,449.359985351563,496.726623535156,516.714233398438,566.709228515625,626.595092773438,671.460632324219,679.374267578125
686.979187011719,715.427978515625,759.62548828125,765.436157226563,768.996459960938,771.697326660156,787.267822265625,875.326416015625,890.640869140625,905.649475097656,407.700134277344,949.163940429688,1036.13684082031,418.366516113281,449.454925537109,496.821929931641,516.809265136719,566.804321289063,626.690856933594,671.554809570313,679.455688476563
687.059875488281,715.525939941406,759.70947265625,765.490539550781,769.060180664063,771.752685546875,787.3837890625,875.476196289063,890.737426757813,905.745483398438,407.818145751953,949.306884765625,1036.3818359375,418.460418701172,449.54736328125,496.916076660156,516.902893066406,566.897705078125,626.783325195313,671.64892578125,679.534851074219
687.144287109375,715.614868164063,759.791137695313,765.548522949219,769.119934082031,771.809875488281,787.507568359375,875.617858886719,890.828430175781,905.837829589844,407.936340332031,949.451477050781,1036.62683105469,418.553344726563,449.642395019531,497.009521484375,516.996765136719,566.992248535156,626.876770019531,671.742553710938,679.619323730469
687.224792480469,715.712280273438,759.870300292969,765.601379394531,769.186462402344,771.862609863281,787.622253417969,875.762817382813,890.923522949219,905.9326171875,408.054382324219,949.593017578125,1036.87158203125,418.646667480469,449.735992431641,497.103271484375,517.090881347656,567.086303710938,626.972045898438,671.835388183594,679.700866699219
687.305297851563,715.807067871094,759.955139160156,765.661437988281,769.247863769531,771.922546386719,787.746459960938,875.906555175781,891.01953125,906.027282714844,408.17236328125,949.742248535156,1037.11682128906,418.741821289063,449.830871582031,497.198608398438,517.186279296875,567.18115234375,627.066223144531,671.931884765625,679.7802734375
687.389526367188,715.899597167969,760.036437988281,765.716735839844,769.311401367188,771.978698730469,787.860473632813,876.047790527344,891.112121582031,906.120788574219,408.290405273438,949.88525390625,1037.36193847656,418.835754394531,449.923431396484,497.292846679688,517.27978515625,567.274536132813,627.159606933594,672.025939941406,679.8642578125
687.470336914063,715.996948242188,760.115173339844,765.774841308594,769.371459960938,772.036254882813,787.984741210938,876.194580078125,891.207153320313,906.21630859375,408.408355712891,950.032348632813,1037.60705566406,418.928771972656,450.018493652344,497.386291503906,517.373596191406,567.369262695313,627.253051757813,672.118530273438,679.946105957031
687.550354003906,716.088195800781,760.200927734375,765.8291015625,769.43798828125,772.089782714844,788.099792480469,876.339538574219,891.299743652344,906.307250976563,408.526611328125,950.176513671875,1037.85205078125,419.022033691406,450.111877441406,497.480041503906,517.467590332031,567.463195800781,627.346740722656,672.213989257813,680.025695800781
687.634582519531,716.182556152344,760.281677246094,765.886474609375,769.499389648438,772.1474609375,788.222839355469,876.487365722656,891.394592285156,906.403564453125,408.644927978516,950.317810058594,1038.09680175781,419.117248535156,450.207000732422,497.575469970703,517.563049316406,567.55810546875,627.442810058594,672.308288574219,680.109069824219
687.715698242188,716.280822753906,760.359985351563,765.944580078125,769.562683105469,772.205688476563,788.339416503906,876.629211425781,891.491638183594,906.499572753906,408.76318359375,950.464477539063,1038.34106445313,419.210998535156,450.299621582031,497.669525146484,517.656616210938,567.651733398438,627.535400390625,672.40234375,680.191162109375
687.795532226563,716.369506835938,760.446533203125,765.999938964844,769.622863769531,772.262023925781,788.461486816406,876.773498535156,891.582336425781,906.592102050781,408.881622314453,950.605590820313,1038.58508300781,419.304107666016,450.394470214844,497.763214111328,517.750549316406,567.74609375,627.628784179688,672.496215820313,680.271240234375
687.879455566406,716.46728515625,760.526977539063,766.057250976563,769.689331054688,772.318237304688,788.578674316406,876.917358398438,891.677551269531,906.686645507813,408.999969482422,950.755126953125,1038.82861328125,419.397338867188,450.487945556641,497.856719970703,517.84423828125,567.84033203125,627.723876953125,672.589172363281,680.353698730469
687.96142578125,716.561218261719,760.605590820313,766.110900878906,769.750671386719,772.371948242188,788.69970703125,877.058837890625,891.773010253906,906.781005859375,409.1181640625,950.898620605469,1039.07177734375,419.492645263672,450.582977294922,497.952239990234,517.93994140625,567.934997558594,627.817993164063,672.685607910156,680.436340332031
688.040893554688,716.654602050781,760.692016601563,766.170837402344,769.813903808594,772.431884765625,788.817932128906,877.207824707031,891.866027832031,906.874816894531,409.236419677734,951.044067382813,1039.3134765625,419.586364746094,450.675567626953,498.046203613281,518.033386230469,568.028442382813,627.911682128906,672.779235839844,680.516967773438
688.124145507813,716.75146484375,760.772155761719,766.225830078125,769.874267578125,772.487731933594,788.937866210938,877.351867675781,891.961120605469,906.97021484375,409.354583740234,951.188598632813,1039.5546875,419.679504394531,450.770324707031,498.140075683594,518.127319335938,568.123168945313,628.004943847656,672.872436523438,680.598266601563
688.207092285156,716.842651367188,760.850891113281,766.283935546875,769.940795898438,772.545288085938,789.056884765625,877.49853515625,892.053283691406,907.061157226563,409.472717285156,951.328796386719,1039.7978515625,419.772735595703,450.863922119141,498.233520507813,518.221008300781,568.217102050781,628.098449707031,672.967407226563,680.681335449219
688.286193847656,716.937072753906,760.9375,766.33740234375,770.002136230469,772.598022460938,789.176147460938,877.640563964844,892.148254394531,907.157897949219,409.590911865234,951.477111816406,1040.04162597656,419.868011474609,450.959014892578,498.329162597656,518.316650390625,568.31201171875,628.194885253906,673.061950683594,680.762512207031
688.368957519531,717.035583496094,761.017517089844,766.396240234375,770.065124511719,772.656677246094,789.296630859375,877.7841796875,892.245300292969,907.253723144531,409.709106445313,951.619750976563,1040.28637695313,419.961669921875,451.0517578125,498.422912597656,518.410095214844,568.405822753906,628.287353515625,673.155883789063,680.84326171875
688.45263671875,717.124328613281,761.096374511719,766.452880859375,770.125671386719,772.713928222656,789.414672851563,877.928100585938,892.336242675781,907.34619140625,409.827362060547,951.76806640625,1040.53149414063,420.054870605469,451.146270751953,498.517150878906,518.504089355469,568.499755859375,628.380737304688,673.250122070313,680.926208496094
688.531982421875,717.222290039063,761.183044433594,766.509460449219,770.192077636719,772.771240234375,789.536010742188,878.071228027344,892.431579589844,907.440673828125,409.945587158203,951.912414550781,1040.7763671875,420.148132324219,451.239929199219,498.610198974609,518.597595214844,568.594543457031,628.475769042969,673.342895507813,681.007995605469
688.613647460938,717.315551757813,761.262634277344,766.565734863281,770.253540039063,772.826354980469,789.652893066406,878.221069335938,892.526489257813,907.534851074219,410.063751220703,952.055541992188,1041.02124023438,420.243377685547,451.335052490234,498.705993652344,518.693420410156,568.688842773438,628.56982421875,673.439392089844,681.087951660156
688.698181152344,717.4091796875,761.341735839844,766.620300292969,770.316467285156,772.881408691406,789.775268554688,878.363586425781,892.619995117188,907.628845214844,410.181732177734,952.2001953125,1041.26635742188,420.337036132813,451.427764892578,498.799774169922,518.786987304688,568.782470703125,628.663757324219,673.532409667969,681.171081542969
688.777404785156,717.506286621094,761.427795410156,766.680297851563,770.376892089844,772.941162109375,789.891174316406,878.509033203125,892.715087890625,907.724548339844,410.2998046875,952.341491699219,1041.51110839844,420.430236816406,451.522308349609,498.89404296875,518.880859375,568.876953125,628.756896972656,673.62646484375,681.253234863281
688.858215332031,717.596984863281,761.507385253906,766.735046386719,770.443298339844,772.996704101563,790.015075683594,878.652038574219,892.806945800781,907.815185546875,410.417541503906,952.490356445313,1041.75561523438,420.523468017578,451.615936279297,498.986877441406,518.974243164063,568.971313476563,628.850280761719,673.720886230469,681.333068847656
688.943542480469,717.691711425781,761.587219238281,766.79296875,770.504821777344,773.053894042969,790.130615234375,878.794311523438,892.901977539063,907.911987304688,410.53515625,952.63330078125,1042.00134277344,420.618713378906,451.711120605469,499.082977294922,519.070068359375,569.066101074219,628.946716308594,673.815551757813,681.416198730469
689.023010253906,717.789978027344,761.672546386719,766.845764160156,770.567626953125,773.106323242188,790.25439453125,878.939636230469,892.999084472656,908.007690429688,410.653167724609,952.780700683594,1042.24731445313,420.712371826172,451.803894042969,499.176452636719,519.163635253906,569.159973144531,629.039306640625,673.909362792969,681.49853515625
689.102966308594,717.878967285156,761.75244140625,766.905395507813,770.628356933594,773.166015625,790.36865234375,879.084350585938,893.09033203125,908.100341796875,410.771423339844,952.925231933594,1042.4931640625,420.8056640625,451.898162841797,499.270874023438,519.257629394531,569.253356933594,629.1328125,674.00390625,681.578002929688
689.188842773438,717.977111816406,761.832885742188,766.96142578125,770.694580078125,773.222717285156,790.492614746094,879.23291015625,893.185424804688,908.19482421875,410.889831542969,953.06640625,1042.73901367188,420.898864746094,451.992004394531,499.363647460938,519.350952148438,569.348876953125,629.227661132813,674.096557617188,681.661193847656
689.268859863281,718.069885253906,761.917419433594,767.019348144531,770.756225585938,773.280029296875,790.607116699219,879.374877929688,893.2802734375,908.288513183594,411.008270263672,953.212768554688,1042.98461914063,420.994049072266,452.087097167969,499.459625244141,519.446716308594,569.442687988281,629.321472167969,674.193054199219,681.74365234375
689.348083496094,718.163635253906,761.997314453125,767.073974609375,770.818908691406,773.334350585938,790.731018066406,879.519714355469,893.373840332031,908.383056640625,411.126586914063,953.353393554688,1043.23022460938,421.087677001953,452.179962158203,499.553283691406,519.540466308594,569.536376953125,629.415954589844,674.285827636719,681.823181152344
689.434204101563,718.261169433594,762.078552246094,767.130004882813,770.879638671875,773.390930175781,790.846557617188,879.6630859375,893.469116210938,908.478637695313,411.244873046875,953.503295898438,1043.47546386719,421.180999755859,452.274200439453,499.647705078125,519.634399414063,569.630859375,629.5087890625,674.380493164063,681.906555175781
689.514587402344,718.351257324219,762.162170410156,767.189636230469,770.94580078125,773.449951171875,790.96923828125,879.804565429688,893.560974121094,908.569580078125,411.363037109375,953.646606445313,1043.720703125,421.274230957031,452.368011474609,499.740478515625,519.727722167969,569.725280761719,629.602233886719,674.474487304688,681.988708496094
