"band1","band2","band3","band4","band5","band6","band7","band8","band9","band10","band11","band12","band13","band14","band15","band16","band17","band18","band19","band20"
350,350,350,350,350,350,350,350,350,350,350,1100,350,350,350,1100,1100,1100,350,350
360,360,360,360,360,360,360,360,360,360,360,1140,360,360,360,1140,1140,1140,360,360
370,370,370,370,370,370,370,370,370,370,370,1180,370,370,370,1180,1180,1180,370,370
380,380,380,380,380,380,380,380,380,380,380,1220,380,380,380,1197.5,1220,1220,380,380
390,390,390,390,390,390,390,390,390,390,390,1260,390,390,390,1198.5,1260,1260,390,390
400,400,400,400,400,400,400,400,400,400,400,1300,400,400,400,1200.5,1300,1300,390.17,400
410,410,410,410,410,410,410,410,410,410,410,1331.6,410,410,410,1201.5,1340,1340,391.17,410
420,420,420,420,420,420,420,420,420,420,420,1332.6,420,420,420,1203.5,1380,1380,393.17,420
430,430,430,430,430,430,430,430,430,430,430,1333.6,430,430,430,1204.5,1420,1420,394.17,428.16
440,440,440,440,440,440,440,440,440,440,440,1334.6,440,439.2,440,1206.5,1460,1460,395.17,429.179
450,450,450,450,450,450,450,450,450,450,450,1335.6,450,440.19,450,1207.5,1500,1500,397.19,430.17
460,460,460,460,460,460,460,460,460,460,460,1336.6,460,441.2,460,1209.5,1540,1540,398.179,431.179
470,470,470,470,470,470,470,470,470,470,470,1337.6,470,442.179,470,1210.5,1579.5,1580,399.17,432.16
473.17,480,480,480,480,480,480,480,480,480,480,1338.6,480,443.19,480,1212.5,1581.5,1620,400.19,433.16
474.17,490,490,490,490,490,490,490,490,490,490,1339.6,490,444.209,490,1213.5,1583.5,1660,402.179,434.16
474.17,500,500,500,500,500,500,500,500,500,500,1340.6,500,445.2,500,1215.5,1585.4,1700,403.17,435.179
475.17,510,510,510,510,510,510,510,510,510,510,1341.6,510,446.19,510,1216.5,1587.5,1740,404.179,436.16
475.17,516.179,520,520,520,520,520,520,520,520,520,1342.6,520,447.19,520,1218.5,1589.5,1780,406.17,437.17
476.17,517.179,530,530,530,530,530,530,530,530,530,1343.6,530,448.2,525.169,1219.5,1591.5,1820,407.17,438.16
477.179,517.179,536.219,540,540,540,540,540,540,540,540,1344.6,540,449.179,526.169,1221.5,1593.5,1860,408.19,439.179
477.179,518.169,537.219,550,550,550,550,550,550,550,550,1345.6,550,450.2,527.169,1222.5,1595.4,1900,410.179,440.17
478.179,518.169,538.21,560,560,560,560,560,560,560,560,1346.6,560,451.2,528.179,1224.5,1597.5,1940,411.179,441.179
478.179,519.179,539.229,570,570,570,570,570,570,570,570,1347.6,570,452.2,529.19,1225.5,1599.5,1980,412.17,442.16
479.17,520.159,540.219,580,580,580,580,580,580,580,570.2,1348.6,580,453.179,530.179,1227.5,1601.5,2020,413.19,443.17
480.17,520.159,540.219,590,590,590,590,590,590,590,573.21,1349.6,590,454.19,531.179,1228.5,1603.5,2055.7,415.17,444.179
480.17,521.19,541.21,600,600,600,600,600,600,600,575.21,1350.6,600,455.209,532.19,1230.5,1605.5,2060.7,416.179,445.17
481.179,521.19,542.21,610,610,610,610,610,610,610,578.2,1351.6,610,456.19,533.179,1231.5,1607.4,2065.7,417.17,446.17
481.179,522.179,543.21,617.21,620,620,620,620,620,620,580.2,1352.6,620,457.2,534.19,1233.5,1609.4,2070.7,419.17,447.17
482.19,523.179,544.229,619.19,630,630,630,630,630,630,583.19,1353.6,630,458.179,535.19,1234.5,1611.5,2075.7,420.179,448.17
483.17,523.179,545.21,621.2,640,640,640,640,640,640,585.2,1354.6,640,459.19,536.179,1236.5,1613.4,2080.7,421.16,449.16
483.17,524.169,546.219,623.19,650,650,650,650,650,650,588.2,1355.6,650,460.19,537.179,1237.5,1615.5,2085.7,423.179,450.179
484.17,524.169,547.219,625.2,660,660,660,660,660,660,590.19,1356.6,660,461.179,538.169,1239.5,1617.5,2090.7,424.16,451.179
484.17,525.169,548.21,627.21,663.219,670,670,670,670,670,593.19,1357.6,670,462.2,539.19,1240.5,1619.4,2095.7,425.17,452.179
485.179,526.159,549.229,629.2,664.239,680,680,680,680,680,595.21,1358.6,680,463.209,540.179,1242.5,1621.5,2100.7,426.19,453.16
486.179,526.159,549.229,631.21,664.239,690,690,690,690,690,598.21,1359.6,690,464.209,541.169,1243.5,1623.4,2105.7,428.17,454.17
486.179,527.159,550.21,633.21,665.219,700,700,700,700,700,600.21,1360.6,700,465.2,542.169,1245.5,1625.5,2110.7,429.179,455.179
487.17,527.159,551.229,635.2,666.229,710,710,710,710,710,605.2,1361.6,710,466.19,543.169,1246.5,1627.4,2115.7,430.17,457.179
487.17,528.169,552.219,637.21,667.239,720,720,720,720,720,608.2,1362.6,720,467.2,544.19,1248.5,1629.5,2120.7,432.16,460
488.16,529.19,553.21,639.2,667.239,730,730,730,730,730,610.19,1363.6,730,468.209,545.179,1249.5,1631.4,2125.7,433.17,470
489.17,529.19,554.229,641.21,668.229,733.289,740,740,740,740,613.21,1364.6,740,469.179,546.179,1251.5,1633.4,2130.7,436.17,480
489.17,530.179,555.21,643.2,669.239,734.299,750,750,750,750,615.21,1365.6,750,470.19,547.179,1252.5,1635.5,2135.7,440,490
490.179,531.179,556.21,645.19,669.239,735.289,760,760,760,760,618.19,1366.6,760,471.2,548.169,1254.5,1637.5,2140.7,450,500
490.179,532.19,557.229,647.19,670.229,736.309,770,770,770,770,620.21,1367.6,770,472.2,549.19,1255.5,1639.4,2145.7,460,510
491.179,532.19,558.219,649.19,671.239,737.299,780,780,780,780,623.19,1368.6,780,473.19,550.169,1257.5,1641.5,2150.7,470,520
492.17,533.169,558.219,651.19,671.239,738.309,790,790,790,790,625.2,1369.6,790,474.179,551.19,1258.5,1643.4,2155.7,480,530
492.17,533.169,559.229,653.21,672.219,739.289,800,800,800,800,628.2,1370.6,800,475.179,552.179,1260.5,1645.5,2160.7,490,540
493.179,534.19,560.21,655.19,673.229,740.309,810,810,810,810,630.19,1371.6,803.369,476.19,553.169,1261.5,1647.5,2165.7,500,550
493.179,535.179,561.219,657.21,674.219,741.309,820,820,820,820,633.21,1372.6,805.39,477.2,554.19,1263.5,1649.5,2170.7,510,560
494.179,535.179,562.21,659.19,674.219,742.289,830,830,830,830,635.2,1373.6,808.369,478.19,555.169,1264.5,1651.5,2175.7,520,570
495.179,536.179,563.219,661.19,675.239,743.289,840,840,840,840,638.19,1374.6,810.39,479.19,556.179,1266.5,1653.5,2180.7,530,580
495.179,536.179,564.21,663.19,676.219,744.309,847.32,850,850,850,640.19,1375.6,813.39,480.19,557.19,1267.5,1655.5,2185.7,540,590
496.179,537.169,565.229,665.19,676.219,745.299,848.309,860,860,860,643.2,1376.6,815.39,481.2,558.19,1269.5,1657.5,2190.7,550,600
496.179,538.169,567.219,667.21,677.219,746.289,849.299,863.25,870,868.34,645.19,1377.6,818.39,482.2,559.19,1270.5,1659.5,2195.7,560,610
497.179,538.169,570,669.21,678.239,747.299,850.309,866.25,880,871.33,648.19,1378.6,820.39,483.179,560.169,1300,1661.5,2200.7,570,620
498.179,539.19,580,671.21,678.239,748.289,851.299,869.25,890,874.34,650.21,1379.6,823.39,484.19,561.179,1340,1663.5,2205.7,580,630
498.179,539.19,590,673.2,679.229,749.289,852.32,872.26,900,877.33,653.21,1380.6,825.39,485.2,562.169,1380,1665.5,2220,590,640
499.19,540.179,600,675.21,680.239,750.299,853.299,875.25,910,880.33,655.19,1381.6,828.38,486.2,563.179,1420,1667.5,2260,600,650
499.19,541.159,610,677.19,681.239,751.289,854.299,878.26,920,883.32,658.2,1382.6,830.38,487.19,564.169,1460,1669.5,2300,610,660
500.17,541.159,620,679.2,681.239,752.299,855.32,881.239,921.25,886.33,660.21,1383.6,833.369,488.179,565.19,1500,1671.5,2360,620,670
501.179,542.169,630,681.21,682.239,753.28,856.309,884.239,922.239,889.32,663.19,1384.6,835.369,489.19,566.169,1540,1673.5,2400,630,680
502.17,542.169,640,683.21,683.239,754.309,857.32,887.25,923.25,892.32,665.19,1385.6,838.38,490.2,567.179,1580,1675.5,2440,640,690
502.17,543.169,650,687.21,683.239,755.299,858.299,890.239,924.25,895.33,668.2,1386.6,840.38,491.19,568.19,1620,1677.5,2480,650,700
503.17,544.19,660,689.2,684.229,756.309,859.309,893.25,925.239,898.33,670.2,1387.6,843.39,492.179,569.19,1660,1700,2520,660,710
510,544.19,670,693.19,685.229,757.289,860.299,896.25,926.25,901.33,673.19,1388.6,845.39,493.2,570.179,1700,1740,2560,670,720
520,545.169,680,695.2,685.229,758.289,861.299,899.25,927.25,904.34,675.21,1389.6,848.38,495.2,571.19,1740,1780,2600,680,730
530,545.169,690,697.21,686.219,759.289,862.299,902.25,928.25,907.32,678.21,1390.6,850.38,496.2,572.19,1780,1820,2640,690,740
540,550,700,699.2,687.239,760.289,863.32,905.239,929.25,910.32,680.2,1391.6,853.369,497.2,573.19,1820,1860,2680,700,750
550,560,710,701.2,688.219,761.299,864.309,908.26,930.25,913.34,683.21,1392.6,855.39,498.2,574.179,1860,1900,2720,710,760
560,570,720,703.21,688.219,762.28,865.309,911.25,931.25,916.33,685.2,1393.6,858.369,499.2,575.19,1900,1940,2760,720,770
570,580,730,705.2,689.229,770,866.32,914.239,932.239,919.33,688.19,1394.6,860.369,500,576.169,1940,1980,2800,730,780
580,590,740,707.19,690.25,780,867.299,917.239,933.25,922.33,690.21,1395.6,863.38,510,577.179,1980,2020,2840,740,790
590,600,750,709.2,690.25,790,868.32,920.25,934.25,925.33,693.19,1396.6,865.38,520,578.179,2020,2060,2880,750,800
600,610,760,711.21,691.239,800,869.309,923.25,935.26,928.34,695.2,1397.6,868.39,530,579.19,2060,2100,2900,760,810
610,620,770,713.2,692.239,810,870.299,926.25,936.239,931.34,698.21,1398.6,870.369,540,580.179,2100,2140,3000,770,820
620,630,780,715.2,692.239,820,871.309,929.25,937.239,934.33,700.19,1399.6,873.369,550,581.169,2140,2180,3100,780,830
630,640,790,719.19,700,830,872.32,932.239,938.239,937.32,703.21,1400.6,875.38,560,582.169,2180,2220,3200,790,840
640,650,800,721.21,710,840,873.299,935.26,939.239,940.33,705.2,1401.6,878.39,570,583.169,2220,2260,3300,800,850
650,660,810,730,720,850,874.32,938.239,940.25,943.34,710.2,1402.6,880.38,580,584.179,2260,2300,3400,810,860
660,670,820,740,730,860,875.309,941.26,941.25,946.33,713.2,1403.6,883.369,590,590,2300,2360,3500,820,870
670,680,830,750,740,870,876.309,944.25,942.26,949.33,715.2,1404.6,885.39,600,600,2360,2400,3600,830,880
680,690,840,760,750,880,877.309,947.239,943.25,952.34,718.19,1405.6,888.38,610,610,2400,2440,3700,840,890
690,700,850,770,760,890,878.32,950.26,944.239,955.33,720.19,1406.6,890.369,620,620,2440,2480,3800,850,900
700,710,860,780,770,900,879.299,960,945.25,958.33,730,1407.6,893.38,630,630,2480,2520,3900,860,910
710,720,870,790,780,910,880.309,970,946.25,961.32,740,1408.6,895.38,640,640,2520,2560,4000,870,920
720,730,880,800,790,920,881.299,980,947.239,964.32,750,1409.6,898.38,650,650,2560,2600,4500,880,930
730,740,890,810,800,930,882.299,990,948.239,967.32,760,1410.6,900.369,660,660,2600,2640,4600,890,940
740,750,900,820,810,940,883.299,1000,949.239,970.33,770,1411.6,910,670,670,2640,2680,4700,900,950
750,760,910,830,820,950,884.309,1010,950.26,973.33,780,1412.6,920,680,680,2680,2720,4800,910,960
760,770,920,840,830,960,885.32,1020,960,976.34,790,1413.6,930,690,690,2720,2760,4900,920,970
770,780,930,850,840,970,886.309,1030,970,979.33,800,1414.6,940,700,700,2760,2800,5000,930,980
780,790,940,860,850,980,887.309,1040,980,982.34,810,1415.6,950,710,710,2800,2840,5100,940,990
790,800,950,870,860,990,888.32,1050,990,985.33,820,1416.6,960,720,720,2840,2880,nan,950,1000
800,810,960,880,870,1000,889.299,1060,1000,988.34,830,1417.6,970,730,730,2880,2900,nan,960,1010
810,820,970,890,880,1010,890.299,1070,1010,991.32,840,1418.6,980,740,740,2900,3000,nan,970,1020
820,830,980,900,890,1020,891.299,1080,1020,994.33,850,1419.6,990,750,750,3000,3100,nan,980,1030
830,840,990,910,900,1030,900,1090,1030,997.33,860,1420.6,1000,760,760,3100,3200,nan,990,1040
840,850,1000,920,910,1040,910,1100,1040,1000.3,870,1460,1010,770,770,3200,3300,nan,1000,1050
850,860,1010,930,920,1050,920,nan,1050,1003.3,880,1500,1020,780,780,3300,3400,nan,1010,1060
860,870,1020,940,930,1060,930,nan,1060,1006.3,890,1540,1030,790,790,3400,3500,nan,1020,1070
870,880,1030,950,940,1070,940,nan,1070,1009.3,900,1580,1040,800,800,3500,3600,nan,1030,1080
880,890,1040,960,950,1080,950,nan,1080,1012.3,910,1620,1050,810,810,3600,3700,nan,1040,1090
890,900,1050,970,960,1090,960,nan,1090,1015.3,920,1660,1060,820,820,3700,3800,nan,1050,1100
900,910,1060,980,970,1100,970,nan,1100,1020,930,1700,1070,830,830,3800,3900,nan,1060,nan
910,920,1070,990,980,nan,980,nan,nan,1030,940,1740,1080,840,840,3900,4000,nan,1070,nan
920,930,1080,1000,990,nan,990,nan,nan,1040,950,1780,1090,850,850,4000,nan,nan,1080,nan
930,940,1090,1010,1000,nan,1000,nan,nan,1050,960,1820,1100,860,860,5000,nan,nan,1090,nan
940,950,1100,1020,1010,nan,1010,nan,nan,1060,970,1860,nan,870,870,5100,nan,nan,1100,nan
950,960,nan,1030,1020,nan,1020,nan,nan,1070,980,1900,nan,880,880,nan,nan,nan,nan,nan
960,970,nan,1040,1030,nan,1030,nan,nan,1080,990,1940,nan,890,890,nan,nan,nan,nan,nan
970,980,nan,1050,1040,nan,1040,nan,nan,1090,1000,1980,nan,900,900,nan,nan,nan,nan,nan
980,990,nan,1060,1050,nan,1050,nan,nan,1100,1010,2020,nan,910,910,nan,nan,nan,nan,nan
990,1000,nan,1070,1060,nan,1060,nan,nan,nan,1020,2060,nan,920,920,nan,nan,nan,nan,nan
1000,1010,nan,1080,1070,nan,1070,nan,nan,nan,1030,2100,nan,930,930,nan,nan,nan,nan,nan
1010,1020,nan,1090,1080,nan,1080,nan,nan,nan,1040,2140,nan,940,940,nan,nan,nan,nan,nan
1020,1030,nan,1100,1090,nan,1090,nan,nan,nan,1050,2180,nan,950,950,nan,nan,nan,nan,nan
1030,1040,nan,nan,1100,nan,1100,nan,nan,nan,1060,2220,nan,960,960,nan,nan,nan,nan,nan
1040,1050,nan,nan,nan,nan,nan,nan,nan,nan,1070,2260,nan,970,970,nan,nan,nan,nan,nan
1050,1060,nan,nan,nan,nan,nan,nan,nan,nan,1080,2300,nan,980,980,nan,nan,nan,nan,nan
1060,1070,nan,nan,nan,nan,nan,nan,nan,nan,1090,2360,nan,990,990,nan,nan,nan,nan,nan
1070,1080,nan,nan,nan,nan,nan,nan,nan,nan,1100,2400,nan,1000,1000,nan,nan,nan,nan,nan
1080,1090,nan,nan,nan,nan,nan,nan,nan,nan,nan,2440,nan,1010,1010,nan,nan,nan,nan,nan
1090,1100,nan,nan,nan,nan,nan,nan,nan,nan,nan,2480,nan,1020,1020,nan,nan,nan,nan,nan
1100,nan,nan,nan,nan,nan,nan,nan,nan,nan,nan,2520,nan,1030,1030,nan,nan,nan,nan,nan
nan,nan,nan,nan,nan,nan,nan,nan,nan,nan,nan,2560,nan,1040,1040,nan,nan,nan,nan,nan
nan,nan,nan,nan,nan,nan,nan,nan,nan,nan,nan,2600,nan,1050,1050,nan,nan,nan,nan,nan
nan,nan,nan,nan,nan,nan,nan,nan,nan,nan,nan,2640,nan,1060,1060,nan,nan,nan,nan,nan
nan,nan,nan,nan,nan,nan,nan,nan,nan,nan,nan,2680,nan,1070,1070,nan,nan,nan,nan,nan
nan,nan,nan,nan,nan,nan,nan,nan,nan,nan,nan,2720,nan,1080,1080,nan,nan,nan,nan,nan
nan,nan,nan,nan,nan,nan,nan,nan,nan,nan,nan,2760,nan,1090,1090,nan,nan,nan,nan,nan
nan,nan,nan,nan,nan,nan,nan,nan,nan,nan,nan,2800,nan,1100,1100,nan,nan,nan,nan,nan
nan,nan,nan,nan,nan,nan,nan,nan,nan,nan,nan,2840,nan,nan,nan,nan,nan,nan,nan,nan
nan,nan,nan,nan,nan,nan,nan,nan,nan,nan,nan,2880,nan,nan,nan,nan,nan,nan,nan,nan
nan,nan,nan,nan,nan,nan,nan,nan,nan,nan,nan,2900,nan,nan,nan,nan,nan,nan,nan,nan
nan,nan,nan,nan,nan,nan,nan,nan,nan,nan,nan,3000,nan,nan,nan,nan,nan,nan,nan,nan
nan,nan,nan,nan,nan,nan,nan,nan,nan,nan,nan,3100,nan,nan,nan,nan,nan,nan,nan,nan
nan,nan,nan,nan,nan,nan,nan,nan,nan,nan,nan,3200,nan,nan,nan,nan,nan,nan,nan,nan
nan,nan,nan,nan,nan,nan,nan,nan,nan,nan,nan,3300,nan,nan,nan,nan,nan,nan,nan,nan
nan,nan,nan,nan,nan,nan,nan,nan,nan,nan,nan,3400,nan,nan,nan,nan,nan,nan,nan,nan
nan,nan,nan,nan,nan,nan,nan,nan,nan,nan,nan,3500,nan,nan,nan,nan,nan,nan,nan,nan
nan,nan,nan,nan,nan,nan,nan,nan,nan,nan,nan,3600,nan,nan,nan,nan,nan,nan,nan,nan
nan,nan,nan,nan,nan,nan,nan,nan,nan,nan,nan,3700,nan,nan,nan,nan,nan,nan,nan,nan
nan,nan,nan,nan,nan,nan,nan,nan,nan,nan,nan,3800,nan,nan,nan,nan,nan,nan,nan,nan
nan,nan,nan,nan,nan,nan,nan,nan,nan,nan,nan,3900,nan,nan,nan,nan,nan,nan,nan,nan
nan,nan,nan,nan,nan,nan,nan,nan,nan,nan,nan,4000,nan,nan,nan,nan,nan,nan,nan,nan
nan,nan,nan,nan,nan,nan,nan,nan,nan,nan,nan,nan,nan,nan,nan,nan,nan,nan,nan,nan
nan,nan,nan,nan,nan,nan,nan,nan,nan,nan,nan,nan,nan,nan,nan,nan,nan,nan,nan,nan
nan,nan,nan,nan,nan,nan,nan,nan,nan,nan,nan,nan,nan,nan,nan,nan,nan,nan,nan,nan
nan,nan,nan,nan,nan,nan,nan,nan,nan,nan,nan,nan,nan,nan,nan,nan,nan,nan,nan,nan
nan,nan,nan,nan,nan,nan,nan,nan,nan,nan,nan,nan,nan,nan,nan,nan,nan,nan,nan,nan
nan,nan,nan,nan,nan,nan,nan,nan,nan,nan,nan,nan,nan,nan,nan,nan,nan,nan,nan,nan
nan,nan,nan,nan,nan,nan,nan,nan,nan,nan,nan,nan,nan,nan,nan,nan,nan,nan,nan,nan
nan,nan,nan,nan,nan,nan,nan,nan,nan,nan,nan,nan,nan,nan,nan,nan,nan,nan,nan,nan
nan,nan,nan,nan,nan,nan,nan,nan,nan,nan,nan,nan,nan,nan,nan,nan,nan,nan,nan,nan
nan,nan,nan,nan,nan,nan,nan,nan,nan,nan,nan,nan,nan,nan,nan,nan,nan,nan,nan,nan
nan,nan,nan,nan,nan,nan,nan,nan,nan,nan,nan,nan,nan,nan,nan,nan,nan,nan,nan,nan
nan,nan,nan,nan,nan,nan,nan,nan,nan,nan,nan,nan,nan,nan,nan,nan,nan,nan,nan,nan
nan,nan,nan,nan,nan,nan,nan,nan,nan,nan,nan,nan,nan,nan,nan,nan,nan,nan,nan,nan
nan,nan,nan,nan,nan,nan,nan,nan,nan,nan,nan,nan,nan,nan,nan,nan,nan,nan,nan,nan
nan,nan,nan,nan,nan,nan,nan,nan,nan,nan,nan,nan,nan,nan,nan,nan,nan,nan,nan,nan
nan,nan,nan,nan,nan,nan,nan,nan,nan,nan,nan,nan,nan,nan,nan,nan,nan,nan,nan,nan
nan,nan,nan,nan,nan,nan,nan,nan,nan,nan,nan,nan,nan,nan,nan,nan,nan,nan,nan,nan
nan,nan,nan,nan,nan,nan,nan,nan,nan,nan,nan,nan,nan,nan,nan,nan,nan,nan,nan,nan
nan,nan,nan,nan,nan,nan,nan,nan,nan,nan,nan,nan,nan,nan,nan,nan,nan,nan,nan,nan
nan,nan,nan,nan,nan,nan,nan,nan,nan,nan,nan,nan,nan,nan,nan,nan,nan,nan,nan,nan
nan,nan,nan,nan,nan,nan,nan,nan,nan,nan,nan,nan,nan,nan,nan,nan,nan,nan,nan,nan
nan,nan,nan,nan,nan,nan,nan,nan,nan,nan,nan,nan,nan,nan,nan,nan,nan,nan,nan,nan
nan,nan,nan,nan,nan,nan,nan,nan,nan,nan,nan,nan,nan,nan,nan,nan,nan,nan,nan,nan
nan,nan,nan,nan,nan,nan,nan,nan,nan,nan,nan,nan,nan,nan,nan,nan,nan,nan,nan,nan
nan,nan,nan,nan,nan,nan,nan,nan,nan,nan,nan,nan,nan,nan,nan,nan,nan,nan,nan,nan
nan,nan,nan,nan,nan,nan,nan,nan,nan,nan,nan,nan,nan,nan,nan,nan,nan,nan,nan,nan
nan,nan,nan,nan,nan,nan,nan,nan,nan,nan,nan,nan,nan,nan,nan,nan,nan,nan,nan,nan
nan,nan,nan,nan,nan,nan,nan,nan,nan,nan,nan,nan,nan,nan,nan,nan,nan,nan,nan,nan
nan,nan,nan,nan,nan,nan,nan,nan,nan,nan,nan,nan,nan,nan,nan,nan,nan,nan,nan,nan
nan,nan,nan,nan,nan,nan,nan,nan,nan,nan,nan,nan,nan,nan,nan,nan,nan,nan,nan,nan
nan,nan,nan,nan,nan,nan,nan,nan,nan,nan,nan,nan,nan,nan,nan,nan,nan,nan,nan,nan
nan,nan,nan,nan,nan,nan,nan,nan,nan,nan,nan,nan,nan,nan,nan,nan,nan,nan,nan,nan
nan,nan,nan,nan,nan,nan,nan,nan,nan,nan,nan,nan,nan,nan,nan,nan,nan,nan,nan,nan
nan,nan,nan,nan,nan,nan,nan,nan,nan,nan,nan,nan,nan,nan,nan,nan,nan,nan,nan,nan
nan,nan,nan,nan,nan,nan,nan,nan,nan,nan,nan,nan,nan,nan,nan,nan,nan,nan,nan,nan
nan,nan,nan,nan,nan,nan,nan,nan,nan,nan,nan,nan,nan,nan,nan,nan,nan,nan,nan,nan
nan,nan,nan,nan,nan,nan,nan,nan,nan,nan,nan,nan,nan,nan,nan,nan,nan,nan,nan,nan
nan,nan,nan,nan,nan,nan,nan,nan,nan,nan,nan,nan,nan,nan,nan,nan,nan,nan,nan,nan
nan,nan,nan,nan,nan,nan,nan,nan,nan,nan,nan,nan,nan,nan,nan,nan,nan,nan,nan,nan
nan,nan,nan,nan,nan,nan,nan,nan,nan,nan,nan,nan,nan,nan,nan,nan,nan,nan,nan,nan
nan,nan,nan,nan,nan,nan,nan,nan,nan,nan,nan,nan,nan,nan,nan,nan,nan,nan,nan,nan
nan,nan,nan,nan,nan,nan,nan,nan,nan,nan,nan,nan,nan,nan,nan,nan,nan,nan,nan,nan
nan,nan,nan,nan,nan,nan,nan,nan,nan,nan,nan,nan,nan,nan,nan,nan,nan,nan,nan,nan
nan,nan,nan,nan,nan,nan,nan,nan,nan,nan,nan,nan,nan,nan,nan,nan,nan,nan,nan,nan
nan,nan,nan,nan,nan,nan,nan,nan,nan,nan,nan,nan,nan,nan,nan,nan,nan,nan,nan,nan
nan,nan,nan,nan,nan,nan,nan,nan,nan,nan,nan,nan,nan,nan,nan,nan,nan,nan,nan,nan
nan,nan,nan,nan,nan,nan,nan,nan,nan,nan,nan,nan,nan,nan,nan,nan,nan,nan,nan,nan
nan,nan,nan,nan,nan,nan,nan,nan,nan,nan,nan,nan,nan,nan,nan,nan,nan,nan,nan,nan
nan,nan,nan,nan,nan,nan,nan,nan,nan,nan,nan,nan,nan,nan,nan,nan,nan,nan,nan,nan
nan,nan,nan,nan,nan,nan,nan,nan,nan,nan,nan,nan,nan,nan,nan,nan,nan,nan,nan,nan
nan,nan,nan,nan,nan,nan,nan,nan,nan,nan,nan,nan,nan,nan,nan,nan,nan,nan,nan,nan
nan,nan,nan,nan,nan,nan,nan,nan,nan,nan,nan,nan,nan,nan,nan,nan,nan,nan,nan,nan
nan,nan,nan,nan,nan,nan,nan,nan,nan,nan,nan,nan,nan,nan,nan,nan,nan,nan,nan,nan
nan,nan,nan,nan,nan,nan,nan,nan,nan,nan,nan,nan,nan,nan,nan,nan,nan,nan,nan,nan
nan,nan,nan,nan,nan,nan,nan,nan,nan,nan,nan,nan,nan,nan,nan,nan,nan,nan,nan,nan
nan,nan,nan,nan,nan,nan,nan,nan,nan,nan,nan,nan,nan,nan,nan,nan,nan,nan,nan,nan
nan,nan,nan,nan,nan,nan,nan,nan,nan,nan,nan,nan,nan,nan,nan,nan,nan,nan,nan,nan
nan,nan,nan,nan,nan,nan,nan,nan,nan,nan,nan,nan,nan,nan,nan,nan,nan,nan,nan,nan
nan,nan,nan,nan,nan,nan,nan,nan,nan,nan,nan,nan,nan,nan,nan,nan,nan,nan,nan,nan
nan,nan,nan,nan,nan,nan,nan,nan,nan,nan,nan,nan,nan,nan,nan,nan,nan,nan,nan,nan
nan,nan,nan,nan,nan,nan,nan,nan,nan,nan,nan,nan,nan,nan,nan,nan,nan,nan,nan,nan
nan,nan,nan,nan,nan,nan,nan,nan,nan,nan,nan,nan,nan,nan,nan,nan,nan,nan,nan,nan
nan,nan,nan,nan,nan,nan,nan,nan,nan,nan,nan,nan,nan,nan,nan,nan,nan,nan,nan,nan
nan,nan,nan,nan,nan,nan,nan,nan,nan,nan,nan,nan,nan,nan,nan,nan,nan,nan,nan,nan
nan,nan,nan,nan,nan,nan,nan,nan,nan,nan,nan,nan,nan,nan,nan,nan,nan,nan,nan,nan
nan,nan,nan,nan,nan,nan,nan,nan,nan,nan,nan,nan,nan,nan,nan,nan,nan,nan,nan,nan
nan,nan,nan,nan,nan,nan,nan,nan,nan,nan,nan,nan,nan,nan,nan,nan,nan,nan,nan,nan
nan,nan,nan,nan,nan,nan,nan,nan,nan,nan,nan,nan,nan,nan,nan,nan,nan,nan,nan,nan
nan,nan,nan,nan,nan,nan,nan,nan,nan,nan,nan,nan,nan,nan,nan,nan,nan,nan,nan,nan
nan,nan,nan,nan,nan,nan,nan,nan,nan,nan,nan,nan,nan,nan,nan,nan,nan,nan,nan,nan
nan,nan,nan,nan,nan,nan,nan,nan,nan,nan,nan,nan,nan,nan,nan,nan,nan,nan,nan,nan
nan,nan,nan,nan,nan,nan,nan,nan,nan,nan,nan,nan,nan,nan,nan,nan,nan,nan,nan,nan
nan,nan,nan,nan,nan,nan,nan,nan,nan,nan,nan,nan,nan,nan,nan,nan,nan,nan,nan,nan
nan,nan,nan,nan,nan,nan,nan,nan,nan,nan,nan,nan,nan,nan,nan,nan,nan,nan,nan,nan
nan,nan,nan,nan,nan,nan,nan,nan,nan,nan,nan,nan,nan,nan,nan,nan,nan,nan,nan,nan
nan,nan,nan,nan,nan,nan,nan,nan,nan,nan,nan,nan,nan,nan,nan,nan,nan,nan,nan,nan
nan,nan,nan,nan,nan,nan,nan,nan,nan,nan,nan,nan,nan,nan,nan,nan,nan,nan,nan,nan
nan,nan,nan,nan,nan,nan,nan,nan,nan,nan,nan,nan,nan,nan,nan,nan,nan,nan,nan,nan
nan,nan,nan,nan,nan,nan,nan,nan,nan,nan,nan,nan,nan,nan,nan,nan,nan,nan,nan,nan
nan,nan,nan,nan,nan,nan,nan,nan,nan,nan,nan,nan,nan,nan,nan,nan,nan,nan,nan,nan
nan,nan,nan,nan,nan,nan,nan,nan,nan,nan,nan,nan,nan,nan,nan,nan,nan,nan,nan,nan
nan,nan,nan,nan,nan,nan,nan,nan,nan,nan,nan,nan,nan,nan,nan,nan,nan,nan,nan,nan
nan,nan,nan,nan,nan,nan,nan,nan,nan,nan,nan,nan,nan,nan,nan,nan,nan,nan,nan,nan
nan,nan,nan,nan,nan,nan,nan,nan,nan,nan,nan,nan,nan,nan,nan,nan,nan,nan,nan,nan
nan,nan,nan,nan,nan,nan,nan,nan,nan,nan,nan,nan,nan,nan,nan,nan,nan,nan,nan,nan
nan,nan,nan,nan,nan,nan,nan,nan,nan,nan,nan,nan,nan,nan,nan,nan,nan,nan,nan,nan
nan,nan,nan,nan,nan,nan,nan,nan,nan,nan,nan,nan,nan,nan,nan,nan,nan,nan,nan,nan
nan,nan,nan,nan,nan,nan,nan,nan,nan,nan,nan,nan,nan,nan,nan,nan,nan,nan,nan,nan
nan,nan,nan,nan,nan,nan,nan,nan,nan,nan,nan,nan,nan,nan,nan,nan,nan,nan,nan,nan
nan,nan,nan,nan,nan,nan,nan,nan,nan,nan,nan,nan,nan,nan,nan,nan,nan,nan,nan,nan
nan,nan,nan,nan,nan,nan,nan,nan,nan,nan,nan,nan,nan,nan,nan,nan,nan,nan,nan,nan
nan,nan,nan,nan,nan,nan,nan,nan,nan,nan,nan,nan,nan,nan,nan,nan,nan,nan,nan,nan
nan,nan,nan,nan,nan,nan,nan,nan,nan,nan,nan,nan,nan,nan,nan,nan,nan,nan,nan,nan
nan,nan,nan,nan,nan,nan,nan,nan,nan,nan,nan,nan,nan,nan,nan,nan,nan,nan,nan,nan
nan,nan,nan,nan,nan,nan,nan,nan,nan,nan,nan,nan,nan,nan,nan,nan,nan,nan,nan,nan
nan,nan,nan,nan,nan,nan,nan,nan,nan,nan,nan,nan,nan,nan,nan,nan,nan,nan,nan,nan
nan,nan,nan,nan,nan,nan,nan,nan,nan,nan,nan,nan,nan,nan,nan,nan,nan,nan,nan,nan
nan,nan,nan,nan,nan,nan,nan,nan,nan,nan,nan,nan,nan,nan,nan,nan,nan,nan,nan,nan
nan,nan,nan,nan,nan,nan,nan,nan,nan,nan,nan,nan,nan,nan,nan,nan,nan,nan,nan,nan
nan,nan,nan,nan,nan,nan,nan,nan,nan,nan,nan,nan,nan,nan,nan,nan,nan,nan,nan,nan
nan,nan,nan,nan,nan,nan,nan,nan,nan,nan,nan,nan,nan,nan,nan,nan,nan,nan,nan,nan
nan,nan,nan,nan,nan,nan,nan,nan,nan,nan,nan,nan,nan,nan,nan,nan,nan,nan,nan,nan
nan,nan,nan,nan,nan,nan,nan,nan,nan,nan,nan,nan,nan,nan,nan,nan,nan,nan,nan,nan
nan,nan,nan,nan,nan,nan,nan,nan,nan,nan,nan,nan,nan,nan,nan,nan,nan,nan,nan,nan
nan,nan,nan,nan,nan,nan,nan,nan,nan,nan,nan,nan,nan,nan,nan,nan,nan,nan,nan,nan
nan,nan,nan,nan,nan,nan,nan,nan,nan,nan,nan,nan,nan,nan,nan,nan,nan,nan,nan,nan
nan,nan,nan,nan,nan,nan,nan,nan,nan,nan,nan,nan,nan,nan,nan,nan,nan,nan,nan,nan
nan,nan,nan,nan,nan,nan,nan,nan,nan,nan,nan,nan,nan,nan,nan,nan,nan,nan,nan,nan
nan,nan,nan,nan,nan,nan,nan,nan,nan,nan,nan,nan,nan,nan,nan,nan,nan,nan,nan,nan
nan,nan,nan,nan,nan,nan,nan,nan,nan,nan,nan,nan,nan,nan,nan,nan,nan,nan,nan,nan
nan,nan,nan,nan,nan,nan,nan,nan,nan,nan,nan,nan,nan,nan,nan,nan,nan,nan,nan,nan
nan,nan,nan,nan,nan,nan,nan,nan,nan,nan,nan,nan,nan,nan,nan,nan,nan,nan,nan,nan
nan,nan,nan,nan,nan,nan,nan,nan,nan,nan,nan,nan,nan,nan,nan,nan,nan,nan,nan,nan
nan,nan,nan,nan,nan,nan,nan,nan,nan,nan,nan,nan,nan,nan,nan,nan,nan,nan,nan,nan
nan,nan,nan,nan,nan,nan,nan,nan,nan,nan,nan,nan,nan,nan,nan,nan,nan,nan,nan,nan
nan,nan,nan,nan,nan,nan,nan,nan,nan,nan,nan,nan,nan,nan,nan,nan,nan,nan,nan,nan
nan,nan,nan,nan,nan,nan,nan,nan,nan,nan,nan,nan,nan,nan,nan,nan,nan,nan,nan,nan
nan,nan,nan,nan,nan,nan,nan,nan,nan,nan,nan,nan,nan,nan,nan,nan,nan,nan,nan,nan
nan,nan,nan,nan,nan,nan,nan,nan,nan,nan,nan,nan,nan,nan,nan,nan,nan,nan,nan,nan
nan,nan,nan,nan,nan,nan,nan,nan,nan,nan,nan,nan,nan,nan,nan,nan,nan,nan,nan,nan
nan,nan,nan,nan,nan,nan,nan,nan,nan,nan,nan,nan,nan,nan,nan,nan,nan,nan,nan,nan
nan,nan,nan,nan,nan,nan,nan,nan,nan,nan,nan,nan,nan,nan,nan,nan,nan,nan,nan,nan
nan,nan,nan,nan,nan,nan,nan,nan,nan,nan,nan,nan,nan,nan,nan,nan,nan,nan,nan,nan
nan,nan,nan,nan,nan,nan,nan,nan,nan,nan,nan,nan,nan,nan,nan,nan,nan,nan,nan,nan
nan,nan,nan,nan,nan,nan,nan,nan,nan,nan,nan,nan,nan,nan,nan,nan,nan,nan,nan,nan
nan,nan,nan,nan,nan,nan,nan,nan,nan,nan,nan,nan,nan,nan,nan,nan,nan,nan,nan,nan
nan,nan,nan,nan,nan,nan,nan,nan,nan,nan,nan,nan,nan,nan,nan,nan,nan,nan,nan,nan
nan,nan,nan,nan,nan,nan,nan,nan,nan,nan,nan,nan,nan,nan,nan,nan,nan,nan,nan,nan
nan,nan,nan,nan,nan,nan,nan,nan,nan,nan,nan,nan,nan,nan,nan,nan,nan,nan,nan,nan
nan,nan,nan,nan,nan,nan,nan,nan,nan,nan,nan,nan,nan,nan,nan,nan,nan,nan,nan,nan
nan,nan,nan,nan,nan,nan,nan,nan,nan,nan,nan,nan,nan,nan,nan,nan,nan,nan,nan,nan
nan,nan,nan,nan,nan,nan,nan,nan,nan,nan,nan,nan,nan,nan,nan,nan,nan,nan,nan,nan
nan,nan,nan,nan,nan,nan,nan,nan,nan,nan,nan,nan,nan,nan,nan,nan,nan,nan,nan,nan
nan,nan,nan,nan,nan,nan,nan,nan,nan,nan,nan,nan,nan,nan,nan,nan,nan,nan,nan,nan
nan,nan,nan,nan,nan,nan,nan,nan,nan,nan,nan,nan,nan,nan,nan,nan,nan,nan,nan,nan
nan,nan,nan,nan,nan,nan,nan,nan,nan,nan,nan,nan,nan,nan,nan,nan,nan,nan,nan,nan
nan,nan,nan,nan,nan,nan,nan,nan,nan,nan,nan,nan,nan,nan,nan,nan,nan,nan,nan,nan
nan,nan,nan,nan,nan,nan,nan,nan,nan,nan,nan,nan,nan,nan,nan,nan,nan,nan,nan,nan
nan,nan,nan,nan,nan,nan,nan,nan,nan,nan,nan,nan,nan,nan,nan,nan,nan,nan,nan,nan
nan,nan,nan,nan,nan,nan,nan,nan,nan,nan,nan,nan,nan,nan,nan,nan,nan,nan,nan,nan
nan,nan,nan,nan,nan,nan,nan,nan,nan,nan,nan,nan,nan,nan,nan,nan,nan,nan,nan,nan
nan,nan,nan,nan,nan,nan,nan,nan,nan,nan,nan,nan,nan,nan,nan,nan,nan,nan,nan,nan
nan,nan,nan,nan,nan,nan,nan,nan,nan,nan,nan,nan,nan,nan,nan,nan,nan,nan,nan,nan
nan,nan,nan,nan,nan,nan,nan,nan,nan,nan,nan,nan,nan,nan,nan,nan,nan,nan,nan,nan
nan,nan,nan,nan,nan,nan,nan,nan,nan,nan,nan,nan,nan,nan,nan,nan,nan,nan,nan,nan
nan,nan,nan,nan,nan,nan,nan,nan,nan,nan,nan,nan,nan,nan,nan,nan,nan,nan,nan,nan
nan,nan,nan,nan,nan,nan,nan,nan,nan,nan,nan,nan,nan,nan,nan,nan,nan,nan,nan,nan
nan,nan,nan,nan,nan,nan,nan,nan,nan,nan,nan,nan,nan,nan,nan,nan,nan,nan,nan,nan
nan,nan,nan,nan,nan,nan,nan,nan,nan,nan,nan,nan,nan,nan,nan,nan,nan,nan,nan,nan
nan,nan,nan,nan,nan,nan,nan,nan,nan,nan,nan,nan,nan,nan,nan,nan,nan,nan,nan,nan
nan,nan,nan,nan,nan,nan,nan,nan,nan,nan,nan,nan,nan,nan,nan,nan,nan,nan,nan,nan
nan,nan,nan,nan,nan,nan,nan,nan,nan,nan,nan,nan,nan,nan,nan,nan,nan,nan,nan,nan
nan,nan,nan,nan,nan,nan,nan,nan,nan,nan,nan,nan,nan,nan,nan,nan,nan,nan,nan,nan
nan,nan,nan,nan,nan,nan,nan,nan,nan,nan,nan,nan,nan,nan,nan,nan,nan,nan,nan,nan
nan,nan,nan,nan,nan,nan,nan,nan,nan,nan,nan,nan,nan,nan,nan,nan,nan,nan,nan,nan
nan,nan,nan,nan,nan,nan,nan,nan,nan,nan,nan,nan,nan,nan,nan,nan,nan,nan,nan,nan
nan,nan,nan,nan,nan,nan,nan,nan,nan,nan,nan,nan,nan,nan,nan,nan,nan,nan,nan,nan
nan,nan,nan,nan,nan,nan,nan,nan,nan,nan,nan,nan,nan,nan,nan,nan,nan,nan,nan,nan
nan,nan,nan,nan,nan,nan,nan,nan,nan,nan,nan,nan,nan,nan,nan,nan,nan,nan,nan,nan
nan,nan,nan,nan,nan,nan,nan,nan,nan,nan,nan,nan,nan,nan,nan,nan,nan,nan,nan,nan
nan,nan,nan,nan,nan,nan,nan,nan,nan,nan,nan,nan,nan,nan,nan,nan,nan,nan,nan,nan
nan,nan,nan,nan,nan,nan,nan,nan,nan,nan,nan,nan,nan,nan,nan,nan,nan,nan,nan,nan
nan,nan,nan,nan,nan,nan,nan,nan,nan,nan,nan,nan,nan,nan,nan,nan,nan,nan,nan,nan
