"","V1","V2","V3","V4","V5","V6","V7","V8","V9","V10","V11","V12","V13","V14","V15","V16","V17","V18","V19","V20"
"ah2o",-0.003706,-0.005594,0,0,-0.002048,-0.000459,-0.021926,0,0,0,0,0,-0.000369,-5.4e-05,-0.001949,-0.000152,-0.127884,-0.576328,-0.413228,-2.532449
"nh2o",0.801848,0.706655,0,0,0.82895,0.955282,0.708142,0,0,0,0,0,0.889317,0.978685,0.83834,0.917021,0.523677,0.467646,0.444117,0.339418
"ao3",-0.07224,0,-0.0074,-0.089892,0,0,0,0,-0.002489,-0.018315,-0.061241,-0.080001,-0.04868,-0.037527,-0.010324,0,0,0,0,0
"no3",0.997005,0,0.999753,0.99942,0,0,0,0,0.999954,0.999976,0.999656,0.999862,0.999829,0.999784,0.999981,0,0,0,0,0
"ao2",-0.00063,-1.6e-05,0,0,-0.001601,0,0,0,0,0,0,0,0,-0.000673,0,-3.8e-05,0,0,0,0
"no2",0.710552,0.995636,0,0,0.694516,0,0,0,0,0,0,0,0,0.44806,0,0.996316,0,0,0,0
"po2",1.495921,2.752986,0,0,1.661752,0,0,0,0,0,0,0,0,1.929281,0,2.755283,0,0,0,0
"aco2",0,0,0,0,-0.000169,-0.00548,-0.010266,0,0,0,0,0,0,0,0,0,0,0,0,0
"nco2",0,0,0,0,0.924828,0.811513,0.772232,0,0,0,0,0,0,0,0,0,0,0,0,0
"pco2",0,0,0,0,1.227618,1.335155,1.860657,0,0,0,0,0,0,0,0,0,0,0,0,0
"ach4",0,0,0,0,0,-0.005384,-0.000198,0,0,0,0,0,0,0,0,0,0,0,0,0
"nch4",0,0,0,0,0,0.897267,0.938448,0,0,0,0,0,0,0,0,0,0,0,0,0
"pch4",0,0,0,0,0,1.197496,1.139538,0,0,0,0,0,0,0,0,0,0,0,0,0
"ano2",0,0,0,0,0,0,-0.002003,0,0,0,0,0,0,0,0,0,0,0,0,0
"nno2",0,0,0,0,0,0,0.961895,0,0,0,0,0,0,0,0,0,0,0,0,0
"pno2",0,0,0,0,0,0,1.022931,0,0,0,0,0,0,0,0,0,0,0,0,0
"aco",0,0,0,0,0,0,0,0,0,0,0,0,0,0,0,0,0,0,0,0
"nco",0,0,0,0,0,0,0,0,0,0,0,0,0,0,0,0,0,0,0,0
"pco",0,0,0,0,0,0,0,0,0,0,0,0,0,0,0,0,0,0,0,0
"a0s",0.028276,0.010419,0.081243,0.04699,0.004686,0.002185,0.000222,0.114979,0.09424,0.071155,0.054311,0.048863,0.025409,0.023973,0.01715,0.00999,0.009151,0.008518,0.008524,0.003717
"a1s",0.21229,0.167454,0.190672,0.211002,0.108971,0.073832,0.042903,0.145486,0.176837,0.198331,0.20938,0.210186,0.209868,0.208209,0.192651,0.165268,0.157851,0.151947,0.151976,0.095402
"a2s",-0.082589,-0.064054,-0.078392,-0.082828,-0.038501,-0.023208,-0.010849,-0.061515,-0.074583,-0.079144,-0.082362,-0.082422,-0.08163,-0.080907,-0.074832,-0.063089,-0.059926,-0.057386,-0.057395,-0.032525
"a3s",0.018724,0.007219,0.059856,0.032637,0.000881,-0.000289,0.000129,0.092204,0.071772,0.051113,0.038102,0.034084,0.016748,0.01579,0.011341,0.006919,0.005824,0.00502,0.005031,9.1e-05
"a0T",1.098545,1.07291,1.106351,1.106651,1.049216,1.031589,1.019204,1.091008,1.100452,1.110597,1.109142,1.107228,1.09615,1.094765,1.086027,1.071849,1.069356,1.067306,1.067308,1.041793
"a1T",-0.191623,-0.161066,-0.225667,-0.212997,-0.12365,-0.09319,-0.057302,-0.230516,-0.227968,-0.223316,-0.21662,-0.21439,-0.188009,-0.18606,-0.175612,-0.159807,-0.155678,-0.1523,-0.152307,-0.112411
"a2T",-0.050329,-0.017799,-0.160801,-0.086365,-0.006223,0.000171,-0.000595,-0.228627,-0.190809,-0.133701,-0.100494,-0.089719,-0.045084,-0.042317,-0.031105,-0.016836,-0.015599,-0.014605,-0.014607,-0.002955
"a3T",-0.188788,-0.133829,-0.250343,-0.216791,-0.08998,-0.057912,-0.034086,-0.263077,-0.25634,-0.244331,-0.227031,-0.2192,-0.182794,-0.179454,-0.160577,-0.131717,-0.127033,-0.123203,-0.123208,-0.076608
"taur",0.051047,0.016279,0.193111,0.09502,0.003643,0.001225,0.000432,0.319966,0.238729,0.16047,0.1137,0.099817,0.044903,0.041961,0.028237,0.015489,0.013073,0.011367,0.011396,0.002373
"sr",0.045939,0.015599,0.144422,0.080279,0.003576,0.001219,0.000431,0.212926,0.170021,0.125217,0.093777,0.083846,0.040827,0.038347,0.026371,0.014871,0.012584,0.010966,0.010992,0.002344
"a0taup",2.5e-08,1.5e-07,2.220446e-16,2e-07,7.5e-08,-1.75e-07,1.75e-07,1.5e-07,6.661338e-16,-5e-08,-2e-07,1e-07,1.665335e-16,-1e-07,1.110223e-16,-1.5e-07,5e-08,-1.5e-07,-7.5e-08,1.5e-07
"a1taup",0.828572,0.580277,1.19914,0.992297,0.366491,0.255948,0.166691,1.362837,1.265544,1.144322,1.043805,1.006475,0.798644,0.782895,0.69178,0.571443,0.542337,0.519683,0.519844,0.321292
"wo",0.886853,0.843228,0.899734,0.891707,0.783409,0.752903,0.760388,0.901099,0.900308,0.899219,0.895379,0.892288,0.884123,0.88256,0.867147,0.841142,0.834147,0.828453,0.828524,0.767081
"gc",0.632647,0.632191,0.641484,0.636901,0.63942,0.657517,0.722669,0.645261,0.643135,0.640014,0.638009,0.637217,0.631815,0.631352,0.631137,0.632314,0.633024,0.633623,0.633624,0.642069
"a0P",6.75310879790691,6.5431263746176,6.74745166734599,6.76035889231534,5.96339019626676,5.45989145955526,4.70240670917768,6.72532327120254,6.73773571232173,6.75604416217369,6.76227149776965,6.76069368838543,6.74519454867488,6.74065524569721,6.66616772923548,6.53041312165008,6.46243207358323,6.40724002767263,6.40737721435813,5.80011069170503
"a1P",-0.187985325700227,-0.179212748859757,-0.189941637530865,-0.189163313242385,-0.158898539250784,-0.144776396224661,-0.13111549634731,-0.190041899016611,-0.18996897407337,-0.189926050272604,-0.189548238854928,-0.189255010151301,-0.187525611488938,-0.187267737592618,-0.184143609887565,-0.17872910204092,-0.176350415461913,-0.174420221956327,-0.17442487870668,-0.153188729542715
"a2P",0.00203419445908328,0.00190410570690193,0.00207945199932256,0.00205742327906033,0.00163359300474722,0.00147617357195183,0.00140791062265324,0.00208905313997791,0.00208328277838391,0.00207627046708059,0.00206562977671222,0.00205935469122404,0.00202661192275614,0.00202238770223381,0.00197593985297681,0.00189728680118546,0.00186565419689427,0.00183999266245053,0.00184005369277402,0.00155764349290491
"a3P",-9.89878545585545e-06,-9.06897998485852e-06,-1.02558901122829e-05,-1.0068199112314e-05,-7.4736241156091e-06,-6.66038891081985e-06,-6.69517832910207e-06,-1.03527871682207e-05,-1.02953838376235e-05,-1.02226484599615e-05,-1.01323019547275e-05,-1.00829225275449e-05,-9.84776649139318e-06,-9.81943206545389e-06,-9.52265588736148e-06,-9.02692248123829e-06,-8.84060085996849e-06,-8.68947570506845e-06,-8.68983470038451e-06,-7.02604563747931e-06
"a4P",1.8371504294231e-08,1.6435846879837e-08,1.93240876350647e-08,1.87974988714278e-08,1.29624710758713e-08,1.13315816307793e-08,1.19551468848645e-08,1.96137811963661e-08,1.94431567020204e-08,1.92233883772071e-08,1.89708397259324e-08,1.88360871594609e-08,1.82483892186717e-08,1.81800804586068e-08,1.7487034440255e-08,1.63403606738859e-08,1.59351645832701e-08,1.56065733851493e-08,1.56073606415747e-08,1.19888455698001e-08
"Rest1",-0.001901,-0.000166,-0.011777,-0.004851,0.000316,0,0,-0.020526,-0.014629,-0.009945,-0.006281,-0.005239,-0.001526,-0.001371,-0.00056,-0.000138,9.5e-05,0.000233,0.000228,0.000175
"Rest2",-0.010693,-0.003766,-0.027915,-0.017497,-0.000996,0,0,-0.0354,-0.030867,-0.025521,-0.020112,-0.018166,-0.009587,-0.00904,-0.006422,-0.003581,-0.003135,-0.002806,-0.002812,-0.000604
"Rest3",-0.011834,-0.005802,-0.019921,-0.016217,-0.001827,0,0,-0.020918,-0.020345,-0.019543,-0.017496,-0.016574,-0.010954,-0.010512,-0.008354,-0.005601,-0.005049,-0.004614,-0.004626,-0.001227
"Rest4",-0.003295,-0.002581,-0.002927,-0.003414,-0.002164,0,0,-0.002383,-0.002695,-0.003135,-0.00335,-0.003403,-0.003226,-0.003187,-0.003017,-0.002541,-0.00257,-0.00258,-0.002583,-0.001744
"Resr1",-0.000258,-1.9e-05,-0.005468,-0.001034,-5e-06,0,0,-0.015533,-0.008786,-0.003364,-0.001551,-0.001146,-0.000195,-0.000166,-7.5e-05,-1.8e-05,-1.4e-05,-1.1e-05,-1.1e-05,3e-06
"Resr2",-0.004836,-0.002808,0.006001,-0.0044,-0.000399,0,0,0.022571,0.012889,0.00016,-0.003481,-0.004258,-0.004643,-0.004567,-0.003824,-0.002697,-0.002583,-0.002444,-0.002438,-0.001962
"Resr3",0.026427,0.027333,0.021171,0.024695,0.003776,0,0,0.016522,0.019432,0.022125,0.023926,0.024405,0.026413,0.026554,0.028172,0.026682,0.030801,0.033201,0.033197,0.111994
"Resa1",-0.007136,-0.00365,-0.010784,-0.008764,-0.00121,-0.000427,-6.1e-05,-0.012007,-0.011268,-0.010395,-0.009389,-0.008918,-0.00676,-0.006559,-0.005202,-0.003533,-0.003131,-0.002833,-0.002837,-0.000862
"Resa2",-0.035708,-0.028648,-0.036115,-0.036201,-0.017353,-0.010944,-0.005162,-0.035179,-0.035676,-0.036542,-0.03652,-0.03626,-0.035304,-0.035063,-0.032466,-0.0283,-0.026748,-0.02553,-0.025542,-0.015013
"Resa3",-0.043664,-0.048974,-0.029811,-0.036518,-0.044933,-0.038658,-0.033816,-0.025183,-0.027737,-0.031767,-0.035022,-0.036037,-0.044773,-0.045344,-0.047239,-0.049063,-0.048747,-0.048441,-0.04845,-0.043247
"Resa4",-0.016587,-0.027544,-0.00768,-0.011503,-0.042579,-0.056607,-0.091494,-0.005665,-0.006755,-0.008586,-0.010442,-0.01118,-0.017685,-0.018294,-0.021867,-0.028067,-0.029609,-0.030898,-0.030893,-0.047429
